{
    "\ud853\udf93": "24F93",
    "\ud848\udda5": "221A5",
    "\ud856\ude9d": "25A9D",
    "\ud844\udf9d": "2139D",
    "\ud840\ude9b": "2029B",
    "\u4e9b": "4E9B",
    "\ud846\udd82": "21982",
    "\u624d": "624D",
    "\u8272": "8272",
    "\u7a96": "7A96",
    "\ud887\udeb5": "31EB5",
    "\udb82\udc52": "F0852",
    "\u50e5": "50E5",
    "\ud887\udc47": "31C47",
    "\u6208": "6208",
    "\u8511": "8511",
    "\u5c40": "5C40",
    "\u6ce2": "6CE2",
    "\u6a77": "6A77",
    "\u4ecd": "4ECD",
    "\u8abf": "8ABF",
    "\ud870\udc99": "2C099",
    "\ud85e\udc4a": "2784A",
    "\u340c": "340C",
    "\ud853\udd2c": "24D2C",
    "\u75b8": "75B8",
    "\ud849\udeb8": "226B8",
    "\ud861\udd0d": "2850D",
    "\u4e4b": "4E4B",
    "\u5f7c": "5F7C",
    "\u55c7": "55C7",
    "\u65af": "65AF",
    "\u8c4a": "8C4A",
    "\ud845\uddf6": "215F6",
    "\u6491": "6491",
    "\u6d93": "6D93",
    "\u8c9d": "8C9D",
    "\ud859\udfd0": "267D0",
    "\u7d05": "7D05",
    "\u6253": "6253",
    "\u60ad": "60AD",
    "\u7a3f": "7A3F",
    "\ud85b\ude73": "26E73",
    "\u541d": "541D",
    "\u6355": "6355",
    "\u7567": "7567",
    "\u7551": "7551",
    "\u98a8": "98A8",
    "\u60c5": "60C5",
    "\u56fa": "56FA",
    "\u9304": "9304",
    "\u7fa4": "7FA4",
    "\u50b3": "50B3",
    "\u53f2": "53F2",
    "\u6d6a": "6D6A",
    "\u5609": "5609",
    "\u9756": "9756",
    "\u671d": "671D",
    "\u660e": "660E",
    "\ud858\ude9a": "2629A",
    "\u65b9": "65B9",
    "\u6ec2": "6EC2",
    "\ud84f\udf3d": "23F3D",
    "\ud840\udd29": "20129",
    "\u4eac": "4EAC",
    "\u51ed": "51ED",
    "\u9404": "9404",
    "\u8339": "8339",
    "\u54e1": "54E1",
    "\u5916": "5916",
    "\u6237": "6237",
    "\u738b": "738B",
    "\u5bb6": "5BB6",
    "\u8cc7": "8CC7",
    "\ud84a\ude80": "22A80",
    "\u62f1": "62F1",
    "\u5e38": "5E38",
    "\u581b": "581B",
    "\u4e2d": "4E2D",
    "\ud842\udf20": "20B20",
    "\ud887\udc3a": "31C3A",
    "\ud846\udd75": "21975",
    "\u6b21": "6B21",
    "\u5352": "5352",
    "\udb81\udfb9": "F07B9",
    "\u7d8f": "7D8F",
    "\ud84f\udcd4": "23CD4",
    "\u5112": "5112",
    "\u982d": "982D",
    "\u59b8": "59B8",
    "\u7d20": "7D20",
    "\u5a25": "5A25",
    "\u7fe0": "7FE0",
    "\u7ff9": "7FF9",
    "\u59c9": "59C9",
    "\u36ea": "36EA",
    "\u96f2": "96F2",
    "\u6885": "6885",
    "\u9aa8": "9AA8",
    "\u683c": "683C",
    "\u96ea": "96EA",
    "\u7cbe": "7CBE",
    "\u795e": "795E",
    "\udb81\udcf3": "F04F3",
    "\ud840\ude9a": "2029A",
    "\ud862\udd14": "28914",
    "\ud861\udc92": "28492",
    "\u5206": "5206",
    "\u9662": "9662",
    "\ud86c\udc05": "2B005",
    "\u838a": "838A",
    "\u91cd": "91CD",
    "\u606a": "606A",
    "\u6f59": "6F59",
    "\u59ff": "59FF",
    "\u4e30": "4E30",
    "\u82d4": "82D4",
    "\ud870\udea4": "2C2A4",
    "\u6e7f": "6E7F",
    "\ud85c\udf4b": "2734B",
    "\ud85a\udf11": "26B11",
    "\u56d4": "56D4",
    "\u82b1": "82B1",
    "\u552d": "552D",
    "\u7389": "7389",
    "\u8aac": "8AAC",
    "\u7aef": "7AEF",
    "\ud864\udd32": "29132",
    "\u8a87": "8A87",
    "\u6e03": "6E03",
    "\ud884\udf8c": "3138C",
    "\u8b93": "8B93",
    "\u725f": "725F",
    "\ud859\udf44": "26744",
    "\u7a0d": "7A0D",
    "\u6f2b": "6F2B",
    "\u9ebb": "9EBB",
    "\u82bb": "82BB",
    "\u76ae": "76AE",
    "\u540f": "540F",
    "\u6b23": "6B23",
    "\u9999": "9999",
    "\u79cb": "79CB",
    "\u6c34": "6C34",
    "\u6625": "6625",
    "\u5c71": "5C71",
    "\u6027": "6027",
    "\u8f38": "8F38",
    "\u5be9": "5BE9",
    "\u67f3": "67F3",
    "\ud86a\udf21": "2AB21",
    "\u528d": "528D",
    "\u8fce": "8FCE",
    "\u57ce": "57CE",
    "\u505c": "505C",
    "\u968a": "968A",
    "\u548c": "548C",
    "\u8070": "8070",
    "\u672c": "672C",
    "\u7523": "7523",
    "\u62ab": "62AB",
    "\u82b8": "82B8",
    "\u66f8": "66F8",
    "\ud86b\udf57": "2AF57",
    "\u89a9": "89A9",
    "\u5473": "5473",
    "\ud881\ude54": "30654",
    "\u541f": "541F",
    "\u5bab": "5BAB",
    "\u5546": "5546",
    "\u6f0f": "6F0F",
    "\ud840\udd3c": "2013C",
    "\u97f3": "97F3",
    "\ud856\udc86": "25886",
    "\u54b9": "54B9",
    "\udb82\udc56": "F0856",
    "\u80e1": "80E1",
    "\u7434": "7434",
    "\u5f35": "5F35",
    "\u66f2": "66F2",
    "\ud84a\udf23": "22B23",
    "\ud84a\uded8": "22AD8",
    "\ud84a\uddda": "229DA",
    "\u8154": "8154",
    "\u7bc7": "7BC7",
    "\u8584": "8584",
    "\ud840\uddee": "201EE",
    "\u5f37": "5F37",
    "\ud885\udf90": "31790",
    "\u4eba": "4EBA",
    "\ud888\udec4": "322C4",
    "\u6d41": "6D41",
    "\u7a92": "7A92",
    "\u58a8": "58A8",
    "\u88d9": "88D9",
    "\u6267": "6267",
    "\u9f7f": "9F7F",
    "\ud861\uddb2": "285B2",
    "\u65ec": "65EC",
    "\u53ca": "53CA",
    "\u7b53": "7B53",
    "\u6df9": "6DF9",
    "\ud85d\udecb": "276CB",
    "\u5e33": "5E33",
    "\ud84b\uddc0": "22DC0",
    "\u5e54": "5E54",
    "\ud864\udc8f": "2908F",
    "\u58bb": "58BB",
    "\u6771": "6771",
    "\u8702": "8702",
    "\ud85c\ude89": "27289",
    "\ud842\udefe": "20AFE",
    "\ud85d\uddf1": "275F1",
    "\u9ed8": "9ED8",
    "\u57c3": "57C3",
    "\ud84c\ude1c": "2321C",
    "\u6606": "6606",
    "\u71d5": "71D5",
    "\u8ffb": "8FFB",
    "\u68ad": "68AD",
    "\u97f6": "97F6",
    "\u5149": "5149",
    "\u4e5d": "4E5D",
    "\udb80\udc6c": "F006C",
    "\ud859\udcb9": "264B9",
    "\ud861\udc6e": "2846E",
    "\ud85b\ude75": "26E75",
    "\ud847\udf6b": "21F6B",
    "\u7fa1": "7FA1",
    "\u8e4e": "8E4E",
    "\u632d": "632D",
    "\u68a8": "68A8",
    "\ud853\udf78": "24F78",
    "\u9ede": "9EDE",
    "\ud840\udd3d": "2013D",
    "\ud886\udce9": "318E9",
    "\u6e05": "6E05",
    "\ud846\uddf2": "219F2",
    "\u7bc0": "7BC0",
    "\ud840\udc27": "20027",
    "\u793c": "793C",
    "\u6383": "6383",
    "\u5893": "5893",
    "\u5672": "5672",
    "\u8e0f": "8E0F",
    "\u6674": "6674",
    "\ud85f\udd46": "27D46",
    "\u8cd2": "8CD2",
    "\u5974": "5974",
    "\ud885\udd54": "31554",
    "\u9da7": "9DA7",
    "\u61fa": "61FA",
    "\u6240": "6240",
    "\u6b65": "6B65",
    "\u884c": "884C",
    "\u5236": "5236",
    "\u7fd2": "7FD2",
    "\u8000": "8000",
    "\u5b50": "5B50",
    "\u4f73": "4F73",
    "\u99ad": "99AD",
    "\u8eca": "8ECA",
    "\u5982": "5982",
    "\u8956": "8956",
    "\ud84a\udf27": "22B27",
    "\u886e": "886E",
    "\u6602": "6602",
    "\u5775": "5775",
    "\u57ec": "57EC",
    "\u649f": "649F",
    "\ud857\udfe0": "25FE0",
    "\ud86f\udf58": "2BF58",
    "\u70e3": "70E3",
    "\u6b8b": "6B8B",
    "\u7d19": "7D19",
    "\u60b2": "60B2",
    "\u5315": "5315",
    "\u43fe": "43FE",
    "\u6211": "6211",
    "\u897f": "897F",
    "\u4ed6": "4ED6",
    "\u5f15": "5F15",
    "\udb80\uddf6": "F01F6",
    "\ud858\udee6": "262E6",
    "\ud860\udc08": "28008",
    "\u5bc5": "5BC5",
    "\u8e7a": "8E7A",
    "\ud85b\udc1f": "26C1F",
    "\u5c0f": "5C0F",
    "\u6eaa": "6EAA",
    "\u666f": "666F",
    "\u3779": "3779",
    "\u6365": "6365",
    "\u89e5": "89E5",
    "\u63f2": "63F2",
    "\u6865": "6865",
    "\ud846\udf88": "21B88",
    "\ud847\udcf3": "21CF3",
    "\u5317": "5317",
    "\u9664": "9664",
    "\u57dd": "57DD",
    "\u5766": "5766",
    "\u8fb9": "8FB9",
    "\u5858": "5858",
    "\u6cb9": "6CB9",
    "\u59c5": "59C5",
    "\u7262": "7262",
    "\u4f4e": "4F4E",
    "\ud851\udc1c": "2441C",
    "\u6c38": "6C38",
    "\u9192": "9192",
    "\u52bf": "52BF",
    "\u6255": "6255",
    "\u8cb7": "8CB7",
    "\u6de1": "6DE1",
    "\u4ed9": "4ED9",
    "\u5a18": "5A18",
    "\u610f": "610F",
    "\u521d": "521D",
    "\u5152": "5152",
    "\u540d": "540D",
    "\u6642": "6642",
    "\u8a15": "8A15",
    "\ud86d\udd33": "2B533",
    "\u5109": "5109",
    "\u523c": "523C",
    "\u9854": "9854",
    "\u8499": "8499",
    "\u840c": "840C",
    "\u6f84": "6F84",
    "\u6280": "6280",
    "\u6897": "6897",
    "\u5929": "5929",
    "\u5ba2": "5BA2",
    "\u6275": "6275",
    "\u9060": "9060",
    "\ud859\udd91": "26591",
    "\udb82\udcdd": "F08DD",
    "\u35c2": "35C2",
    "\u5c0b": "5C0B",
    "\u8239": "8239",
    "\udb82\udc3c": "F083C",
    "\u65e6": "65E6",
    "\u5c3c": "5C3C",
    "\u7c2a": "7C2A",
    "\udb81\udf0d": "F070D",
    "\u6df6": "6DF6",
    "\u5305": "5305",
    "\u5f90": "5F90",
    "\ud885\udfe6": "317E6",
    "\u7a7a": "7A7A",
    "\u51b7": "51B7",
    "\ud847\udd2f": "21D2F",
    "\u8a5e": "8A5E",
    "\ud860\udc6a": "2806A",
    "\ud886\ude81": "31A81",
    "\u7018": "7018",
    "\ud84f\uded5": "23ED5",
    "\u54ed": "54ED",
    "\u5606": "5606",
    "\u5764": "5764",
    "\u63a3": "63A3",
    "\u4e8b": "4E8B",
    "\udb81\udfc1": "F07C1",
    "\u7de3": "7DE3",
    "\u95ed": "95ED",
    "\u7e01": "7E01",
    "\u5e84": "5E84",
    "\ud846\udf67": "21B67",
    "\u7d04": "7D04",
    "\u5a04": "5A04",
    "\u7b19": "7B19",
    "\u6444": "6444",
    "\u73e0": "73E0",
    "\u43fd": "43FD",
    "\u8fb2": "8FB2",
    "\u514e": "514E",
    "\u9d76": "9D76",
    "\u659c": "659C",
    "\ud85d\ude07": "27607",
    "\u4e3b": "4E3B",
    "\u548f": "548F",
    "\ud843\udf44": "20F44",
    "\udb82\udc32": "F0832",
    "\ud887\udc4a": "31C4A",
    "\u50b7": "50B7",
    "\u5fc3": "5FC3",
    "\u635d": "635D",
    "\u6c99": "6C99",
    "\u6f6d": "6F6D",
    "\u53f0": "53F0",
    "\u5f39": "5F39",
    "\ud885\ude58": "31658",
    "\ud843\udcd2": "20CD2",
    "\u6cca": "6CCA",
    "\u7d42": "7D42",
    "\u8ca0": "8CA0",
    "\u65c1": "65C1",
    "\u5316": "5316",
    "\u5de5": "5DE5",
    "\u75d7": "75D7",
    "\u914d": "914D",
    "\u5761": "5761",
    "\ud852\udfe8": "24BE8",
    "\u722b": "722B",
    "\ud845\udf95": "21795",
    "\u6ce3": "6CE3",
    "\ud85a\udcf0": "268F0",
    "\ud86f\udd0b": "2BD0B",
    "\u9b54": "9B54",
    "\ud86e\udff3": "2BBF3",
    "\u8287": "8287",
    "\u3775": "3775",
    "\u9cef": "9CEF",
    "\u4e4d": "4E4D",
    "\u9e3e": "9E3E",
    "\u60dc": "60DC",
    "\u7da0": "7DA0",
    "\u8caa": "8CAA",
    "\u51e0": "51E0",
    "\u5151": "5151",
    "\ud849\ude47": "22647",
    "\u528e": "528E",
    "\ud855\ude00": "25600",
    "\ufa24": "FA24",
    "\ud86f\udf7b": "2BF7B",
    "\udb82\udc4e": "F084E",
    "\ud850\udcac": "240AC",
    "\u522b": "522B",
    "\u6731": "6731",
    "\u6797": "6797",
    "\u6edb": "6EDB",
    "\ud875\udf6b": "2D76B",
    "\u62dc": "62DC",
    "\u8607": "8607",
    "\u7acb": "7ACB",
    "\ud844\udfa2": "213A2",
    "\ud870\udfd3": "2C3D3",
    "\u8bf0": "8BF0",
    "\ud885\udf02": "31702",
    "\ud885\udfe7": "317E7",
    "\u7231": "7231",
    "\ud865\ude4c": "2964C",
    "\u56c2": "56C2",
    "\ud843\ude99": "20E99",
    "\ud85b\udc24": "26C24",
    "\ud84a\udff0": "22BF0",
    "\u3a6b": "3A6B",
    "\ud840\udcc5": "200C5",
    "\u62cd": "62CD",
    "\u43e7": "43E7",
    "\u6838": "6838",
    "\u53e5": "53E5",
    "\u97fb": "97FB",
    "\u8ff7": "8FF7",
    "\ud860\udd78": "28178",
    "\u6717": "6717",
    "\u79e6": "79E6",
    "\u8270": "8270",
    "\udb81\udf78": "F0778",
    "\u5862": "5862",
    "\u7a81": "7A81",
    "\udb81\udfba": "F07BA",
    "\u6101": "6101",
    "\ud84f\udec6": "23EC6",
    "\ud84a\udfdf": "22BDF",
    "\ud855\udc06": "25406",
    "\ud863\udc7d": "28C7D",
    "\u9918": "9918",
    "\u771c": "771C",
    "\ud840\udc40": "20040",
    "\u81ea": "81EA",
    "\u8ab2": "8AB2",
    "\u4e10": "4E10",
    "\u6d7d": "6D7D",
    "\u5ff5": "5FF5",
    "\u60f3": "60F3",
    "\u4f53": "4F53",
    "\u5e1d": "5E1D",
    "\ud885\udc2c": "3142C",
    "\u898c": "898C",
    "\u5450": "5450",
    "\u548d": "548D",
    "\u904b": "904B",
    "\ud841\udce8": "204E8",
    "\u82e6": "82E6",
    "\u9670": "9670",
    "\u6c23": "6C23",
    "\u4f32": "4F32",
    "\u57ee": "57EE",
    "\u7b49": "7B49",
    "\u6258": "6258",
    "\u9b44": "9B44",
    "\ud878\udfa6": "2E3A6",
    "\u6613": "6613",
    "\u4e59": "4E59",
    "\u9855": "9855",
    "\u7075": "7075",
    "\u7891": "7891",
    "\u6e1a": "6E1A",
    "\u5438": "5438",
    "\u4739": "4739",
    "\u4e3f": "4E3F",
    "\u9663": "9663",
    "\u6372": "6372",
    "\u65d7": "65D7",
    "\ud84e\udd8d": "2398D",
    "\u6cd1": "6CD1",
    "\u797f": "797F",
    "\u62f8": "62F8",
    "\ud887\udecc": "31ECC",
    "\ud841\udda4": "205A4",
    "\ud840\udce3": "200E3",
    "\u582f": "582F",
    "\u63d0": "63D0",
    "\ud853\udd56": "24D56",
    "\ud864\udf02": "29302",
    "\u66fe": "66FE",
    "\u5370": "5370",
    "\u5c1e": "5C1E",
    "\u4f36": "4F36",
    "\udb81\ude1a": "F061A",
    "\ud855\ude86": "25686",
    "\u4e43": "4E43",
    "\udb81\udff9": "F07F9",
    "\u5b9e": "5B9E",
    "\u8aa0": "8AA0",
    "\u6709": "6709",
    "\u5225": "5225",
    "\u6ce5": "6CE5",
    "\ud885\udc0d": "3140D",
    "\u73fe": "73FE",
    "\u8b1d": "8B1D",
    "\ud860\udc61": "28061",
    "\u6dfb": "6DFB",
    "\u6765": "6765",
    "\u5f98": "5F98",
    "\u5f8a": "5F8A",
    "\u3b72": "3B72",
    "\u6392": "6392",
    "\u53e4": "53E4",
    "\u8a69": "8A69",
    "\u5b55": "5B55",
    "\ud84b\udde3": "22DE3",
    "\u65bc": "65BC",
    "\u6a02": "6A02",
    "\u6587": "6587",
    "\u5f04": "5F04",
    "\ud84a\udf7e": "22B7E",
    "\u53e9": "53E9",
    "\u6c37": "6C37",
    "\ud84b\ude42": "22E42",
    "\udb82\udc1e": "F081E",
    "\ud860\udf66": "28366",
    "\u7e69": "7E69",
    "\udb81\ude43": "F0643",
    "\ud853\udd90": "24D90",
    "\u67d3": "67D3",
    "\u88ca": "88CA",
    "\ud851\udc5f": "2445F",
    "\u7d30": "7D30",
    "\u6558": "6558",
    "\ud845\udcc4": "214C4",
    "\u74ca": "74CA",
    "\u7464": "7464",
    "\u6350": "6350",
    "\u5632": "5632",
    "\u4f9d": "4F9D",
    "\u7d0d": "7D0D",
    "\u539f": "539F",
    "\u6a58": "6A58",
    "\u91d1": "91D1",
    "\ud843\ude1c": "20E1C",
    "\u7e93": "7E93",
    "\ud86a\udd0d": "2A90D",
    "\u5bcc": "5BCC",
    "\u539a": "539A",
    "\u7ae0": "7AE0",
    "\u63d1": "63D1",
    "\u901a": "901A",
    "\u8c8c": "8C8C",
    "\u637d": "637D",
    "\u70ba": "70BA",
    "\u96c5": "96C5",
    "\u8c6a": "8C6A",
    "\ud887\udf63": "31F63",
    "\u51ac": "51AC",
    "\u520e": "520E",
    "\u540c": "540C",
    "\u89aa": "89AA",
    "\u9115": "9115",
    "\u96a3": "96A3",
    "\u9285": "9285",
    "\u96c0": "96C0",
    "\u9396": "9396",
    "\u5a07": "5A07",
    "\u9694": "9694",
    "\ud886\udd6f": "3196F",
    "\u7d69": "7D69",
    "\u6feb": "6FEB",
    "\u5512": "5512",
    "\u5ff1": "5FF1",
    "\u8170": "8170",
    "\u795d": "795D",
    "\u679a": "679A",
    "\u9082": "9082",
    "\u9005": "9005",
    "\u76f8": "76F8",
    "\u9022": "9022",
    "\u59ac": "59AC",
    "\ud85b\udcbf": "26CBF",
    "\u59a5": "59A5",
    "\u843d": "843D",
    "\u83ca": "83CA",
    "\u66fc": "66FC",
    "\u5947": "5947",
    "\u56fd": "56FD",
    "\u5edb": "5EDB",
    "\u5e72": "5E72",
    "\udb81\udff1": "F07F1",
    "\u4fbf": "4FBF",
    "\ud84b\udd11": "22D11",
    "\u3431": "3431",
    "\udb81\udda2": "F05A2",
    "\u76c6": "76C6",
    "\ud854\ude98": "25298",
    "\u6882": "6882",
    "\u5e36": "5E36",
    "\ud850\udd2f": "2412F",
    "\udb80\udf04": "F0304",
    "\u7d72": "7D72",
    "\ud85f\udfe8": "27FE8",
    "\ud860\udcf4": "280F4",
    "\ud847\udd80": "21D80",
    "\u9266": "9266",
    "\u6536": "6536",
    "\ud858\udf9b": "2639B",
    "\u8525": "8525",
    "\u5ee3": "5EE3",
    "\u62db": "62DB",
    "\u75d5": "75D5",
    "\u7bed": "7BED",
    "\ud845\udc5d": "2145D",
    "\u6d77": "6D77",
    "\u68e0": "68E0",
    "\u6261": "6261",
    "\u9130": "9130",
    "\u6e65": "6E65",
    "\u971c": "971C",
    "\u64a9": "64A9",
    "\u9640": "9640",
    "\udb81\udf61": "F0761",
    "\ud854\udef4": "252F4",
    "\u5428": "5428",
    "\u5510": "5510",
    "\u633c": "633C",
    "\u50ac": "50AC",
    "\u7e41": "7E41",
    "\u88dc": "88DC",
    "\u6271": "6271",
    "\u42e6": "42E6",
    "\u52fe": "52FE",
    "\u7d76": "7D76",
    "\u5999": "5999",
    "\u5bd3": "5BD3",
    "\u5f81": "5F81",
    "\u6708": "6708",
    "\u71be": "71BE",
    "\ud84a\udf78": "22B78",
    "\u7bc6": "7BC6",
    "\u71d2": "71D2",
    "\u7387": "7387",
    "\u65b0": "65B0",
    "\u8eab": "8EAB",
    "\u84ee": "84EE",
    "\u8569": "8569",
    "\ud849\udf0f": "2270F",
    "\u564b": "564B",
    "\ud843\udce8": "20CE8",
    "\ud843\udec0": "20EC0",
    "\u6e90": "6E90",
    "\u6843": "6843",
    "\ud86e\udf87": "2BB87",
    "\u8072": "8072",
    "\udb80\udd52": "F0152",
    "\u9952": "9952",
    "\udb82\udc5c": "F085C",
    "\u73ed": "73ED",
    "\u5bd2": "5BD2",
    "\u9621": "9621",
    "\u6c9a": "6C9A",
    "\ud861\udd6d": "2856D",
    "\u4e0b": "4E0B",
    "\u9867": "9867",
    "\u8cdc": "8CDC",
    "\u637b": "637B",
    "\ud843\udcd0": "20CD0",
    "\u5448": "5448",
    "\u6703": "6703",
    "\u8a73": "8A73",
    "\ud84b\udf02": "22F02",
    "\u65ad": "65AD",
    "\u8193": "8193",
    "\u6b27": "6B27",
    "\u679c": "679C",
    "\u56e0": "56E0",
    "\u5171": "5171",
    "\ud86e\udd68": "2B968",
    "\u6162": "6162",
    "\u7b14": "7B14",
    "\udb81\uddbd": "F05BD",
    "\u9818": "9818",
    "\u984c": "984C",
    "\ud860\udddc": "281DC",
    "\u88a9": "88A9",
    "\ud874\ude3f": "2D23F",
    "\ud843\ude26": "20E26",
    "\udb82\udc10": "F0810",
    "\u50f9": "50F9",
    "\u7e61": "7E61",
    "\u53e3": "53E3",
    "\u9326": "9326",
    "\ud885\udca2": "314A2",
    "\udb81\udf42": "F0742",
    "\u96c6": "96C6",
    "\u4e00": "4E00",
    "\u3674": "3674",
    "\u978b": "978B",
    "\u6272": "6272",
    "\u912d": "912D",
    "\u5e45": "5E45",
    "\u750d": "750D",
    "\u5360": "5360",
    "\u4e58": "4E58",
    "\u5509": "5509",
    "\udb82\udc5d": "F085D",
    "\u616e": "616E",
    "\u66f4": "66F4",
    "\u8fe1": "8FE1",
    "\u3d62": "3D62",
    "\u456f": "456F",
    "\udb81\udfc5": "F07C5",
    "\u5095": "5095",
    "\u7b20": "7B20",
    "\u3ce5": "3CE5",
    "\ud84f\udf2d": "23F2D",
    "\u6d9e": "6D9E",
    "\u55a0": "55A0",
    "\ud844\udcda": "210DA",
    "\ud842\udfc7": "20BC7",
    "\u9d49": "9D49",
    "\u8431": "8431",
    "\u79e9": "79E9",
    "\u3a3f": "3A3F",
    "\u9673": "9673",
    "\u6fc1": "6FC1",
    "\ud84c\udd58": "23158",
    "\udb82\udcc0": "F08C0",
    "\u6e44": "6E44",
    "\u8e08": "8E08",
    "\ud870\udfdd": "2C3DD",
    "\u990a": "990A",
    "\u751f": "751F",
    "\u5806": "5806",
    "\u5973": "5973",
    "\u586b": "586B",
    "\udb84\ude41": "F1241",
    "\ud844\udfe2": "213E2",
    "\ud854\udcf1": "250F1",
    "\u61c9": "61C9",
    "\u9023": "9023",
    "\ud885\udc2d": "3142D",
    "\u7b95": "7B95",
    "\u5922": "5922",
    "\u5146": "5146",
    "\u63a8": "63A8",
    "\ud843\udc3a": "20C3A",
    "\u64da": "64DA",
    "\u4ff8": "4FF8",
    "\u8b28": "8B28",
    "\u8040": "8040",
    "\u52f8": "52F8",
    "\u89e7": "89E7",
    "\u9ad8": "9AD8",
    "\u885d": "885D",
    "\ud884\udfb9": "313B9",
    "\u6e58": "6E58",
    "\u7abb": "7ABB",
    "\u77e2": "77E2",
    "\u83ba": "83BA",
    "\u814b": "814B",
    "\ud887\udf50": "31F50",
    "\ud861\udd85": "28585",
    "\u6e8b": "6E8B",
    "\u8ed2": "8ED2",
    "\u64f1": "64F1",
    "\ud846\udf37": "21B37",
    "\u8c9e": "8C9E",
    "\u9000": "9000",
    "\u4e8f": "4E8F",
    "\u523b": "523B",
    "\u8ad6": "8AD6",
    "\u7a3d": "7A3D",
    "\ud86e\udc6e": "2B86E",
    "\u8b39": "8B39",
    "\ud858\udc9b": "2609B",
    "\ud85b\ude77": "26E77",
    "\u6599": "6599",
    "\u920c": "920C",
    "\ud855\udca6": "254A6",
    "\u6ec8": "6EC8",
    "\ud84a\udc29": "22829",
    "\u55f7": "55F7",
    "\u55ad": "55AD",
    "\u550f": "550F",
    "\u9019": "9019",
    "\u7af9": "7AF9",
    "\u75f4": "75F4",
    "\ud886\udc05": "31805",
    "\u6cdb": "6CDB",
    "\u62c2": "62C2",
    "\ud865\ude4b": "2964B",
    "\ud858\udc0a": "2600A",
    "\u8336": "8336",
    "\u4e7e": "4E7E",
    "\u7708": "7708",
    "\udb82\udc6c": "F086C",
    "\u78a9": "78A9",
    "\ud853\udf57": "24F57",
    "\u50be": "50BE",
    "\ud849\uddb5": "225B5",
    "\u9047": "9047",
    "\u500d": "500D",
    "\u79fb": "79FB",
    "\u6728": "6728",
    "\u8351": "8351",
    "\u52ff": "52FF",
    "\ud84c\udec2": "232C2",
    "\u9010": "9010",
    "\u8466": "8466",
    "\ud84a\udf6e": "22B6E",
    "\u85dd": "85DD",
    "\ud86c\udc45": "2B045",
    "\ud845\uddca": "215CA",
    "\u4fb5": "4FB5",
    "\u7bee": "7BEE",
    "\u6a4b": "6A4B",
    "\u56b4": "56B4",
    "\u69d3": "69D3",
    "\u5899": "5899",
    "\ud84f\udd13": "23D13",
    "\ud86d\udeb3": "2B6B3",
    "\u95ad": "95AD",
    "\u8212": "8212",
    "\u6588": "6588",
    "\ud843\ude0d": "20E0D",
    "\ud888\ude2b": "3222B",
    "\u6744": "6744",
    "\u6391": "6391",
    "\ud84f\udc86": "23C86",
    "\ud843\udc29": "20C29",
    "\u9280": "9280",
    "\u690a": "690A",
    "\ud857\ude70": "25E70",
    "\u5433": "5433",
    "\u8d8a": "8D8A",
    "\u5e95": "5E95",
    "\u7c73": "7C73",
    "\ud855\ude69": "25669",
    "\u904a": "904A",
    "\u7a0e": "7A0E",
    "\u894a": "894A",
    "\u518c": "518C",
    "\u627d": "627D",
    "\ud855\udca5": "254A5",
    "\u5e8a": "5E8A",
    "\ud870\udd26": "2C126",
    "\u6d3e": "6D3E",
    "\ud849\udf20": "22720",
    "\u51c6": "51C6",
    "\u7f55": "7F55",
    "\u7cca": "7CCA",
    "\u602f": "602F",
    "\ud859\udc43": "26443",
    "\u6052": "6052",
    "\ud846\udf3c": "21B3C",
    "\u5c01": "5C01",
    "\ud864\udc9f": "2909F",
    "\u5fcd": "5FCD",
    "\u8218": "8218",
    "\u9601": "9601",
    "\ud86e\udca9": "2B8A9",
    "\u5b83": "5B83",
    "\ud85f\uddfa": "27DFA",
    "\u6c9b": "6C9B",
    "\ud84c\udddc": "231DC",
    "\u7f95": "7F95",
    "\u5207": "5207",
    "\u4fc3": "4FC3",
    "\ud842\udfea": "20BEA",
    "\ud843\udd97": "20D97",
    "\u589d": "589D",
    "\ud860\udd39": "28139",
    "\u91f5": "91F5",
    "\ud86f\udf30": "2BF30",
    "\ud84a\udf72": "22B72",
    "\u95fa": "95FA",
    "\ud844\udd0e": "2110E",
    "\u6b50": "6B50",
    "\u5b9d": "5B9D",
    "\ud843\udd20": "20D20",
    "\u5018": "5018",
    "\u6563": "6563",
    "\u6467": "6467",
    "\udb82\udc62": "F0862",
    "\ud867\udd5c": "29D5C",
    "\udb82\udc4f": "F084F",
    "\u5f85": "5F85",
    "\u53ad": "53AD",
    "\u6252": "6252",
    "\u7279": "7279",
    "\u865a": "865A",
    "\u5408": "5408",
    "\u6d66": "6D66",
    "\u5f8b": "5F8B",
    "\u6069": "6069",
    "\u541b": "541B",
    "\u8a6b": "8A6B",
    "\ud85f\udd51": "27D51",
    "\u96bb": "96BB",
    "\u4ed7": "4ED7",
    "\ud887\udeca": "31ECA",
    "\u8f15": "8F15",
    "\u8ca1": "8CA1",
    "\u91cc": "91CC",
    "\u5439": "5439",
    "\ud84c\ude19": "23219",
    "\u4f9e": "4F9E",
    "\u8a08": "8A08",
    "\u5c11": "5C11",
    "\u4ead": "4EAD",
    "\u4f34": "4F34",
    "\ud860\udd9d": "2819D",
    "\u91e7": "91E7",
    "\u5dfe": "5DFE",
    "\ud871\udde2": "2C5E2",
    "\ud886\udc74": "31874",
    "\u63f4": "63F4",
    "\ud860\udc9a": "2809A",
    "\u8164": "8164",
    "\u6012": "6012",
    "\ud850\ude5c": "2425C",
    "\u800c": "800C",
    "\ud843\udda4": "20DA4",
    "\ud843\udf3e": "20F3E",
    "\ud886\udc0e": "3180E",
    "\ud843\udd71": "20D71",
    "\u5076": "5076",
    "\u5c14": "5C14",
    "\u803d": "803D",
    "\u660c": "660C",
    "\u4f75": "4F75",
    "\ud866\udcac": "298AC",
    "\u6697": "6697",
    "\u6539": "6539",
    "\u6339": "6339",
    "\u62b5": "62B5",
    "\u55d4": "55D4",
    "\u81fa": "81FA",
    "\ud851\udc1d": "2441D",
    "\ud86d\uddc1": "2B5C1",
    "\u8cea": "8CEA",
    "\u83f2": "83F2",
    "\u8451": "8451",
    "\u6b3a": "6B3A",
    "\ud857\udfd7": "25FD7",
    "\u5e92": "5E92",
    "\u5728": "5728",
    "\u5a84": "5A84",
    "\u5412": "5412",
    "\u3915": "3915",
    "\u7232": "7232",
    "\ud855\ude37": "25637",
    "\u6562": "6562",
    "\ud886\udcbb": "318BB",
    "\u671f": "671F",
    "\u5bdf": "5BDF",
    "\ud870\udf13": "2C313",
    "\u820c": "820C",
    "\u76ca": "76CA",
    "\ud843\udd0d": "20D0D",
    "\u5498": "5498",
    "\u8012": "8012",
    "\u4ed5": "4ED5",
    "\u6083": "6083",
    "\ud850\udf4c": "2434C",
    "\u8fc7": "8FC7",
    "\u91cf": "91CF",
    "\u51b3": "51B3",
    "\u72f9": "72F9",
    "\u56d8": "56D8",
    "\u529f": "529F",
    "\u5201": "5201",
    "\ud888\udcea": "320EA",
    "\u7980": "7980",
    "\u7531": "7531",
    "\u9063": "9063",
    "\ud86b\udfd2": "2AFD2",
    "\u9852": "9852",
    "\ud861\udce1": "284E1",
    "\ud843\udc1a": "20C1A",
    "\ud888\uddc1": "321C1",
    "\u767b": "767B",
    "\u591a": "591A",
    "\u607e": "607E",
    "\ud87a\udcb6": "2E8B6",
    "\u59cb": "59CB",
    "\ud86a\udf6f": "2AB6F",
    "\ud84a\udf42": "22B42",
    "\u4fe1": "4FE1",
    "\ud86a\ude00": "2AA00",
    "\ud857\udc6c": "25C6C",
    "\u628a": "628A",
    "\u6485": "6485",
    "\u8475": "8475",
    "\u5373": "5373",
    "\ud84a\udf2d": "22B2D",
    "\u54cf": "54CF",
    "\u6f06": "6F06",
    "\u81a0": "81A0",
    "\ud842\udfbf": "20BBF",
    "\u55c3": "55C3",
    "\u508d": "508D",
    "\ud887\ude33": "31E33",
    "\u4e66": "4E66",
    "\u697c": "697C",
    "\u7ca7": "7CA7",
    "\u7568": "7568",
    "\u6b72": "6B72",
    "\u6ef2": "6EF2",
    "\ud850\udc0f": "2400F",
    "\u9b5a": "9B5A",
    "\u6edd": "6EDD",
    "\ud858\udd02": "26102",
    "\ud84f\udec4": "23EC4",
    "\u5176": "5176",
    "\u80fd": "80FD",
    "\u5e97": "5E97",
    "\u845a": "845A",
    "\u65e5": "65E5",
    "\u5802": "5802",
    "\u71b7": "71B7",
    "\ud850\uddca": "241CA",
    "\u895c": "895C",
    "\u535e": "535E",
    "\ud853\udf38": "24F38",
    "\u673a": "673A",
    "\u4f1a": "4F1A",
    "\u73cd": "73CD",
    "\u5f0f": "5F0F",
    "\ud872\uddd6": "2C9D6",
    "\ud843\udc46": "20C46",
    "\u8cac": "8CAC",
    "\u54ec": "54EC",
    "\ud843\udfbf": "20FBF",
    "\u7112": "7112",
    "\ud86e\udd4c": "2B94C",
    "\u366e": "366E",
    "\u6c5d": "6C5D",
    "\u5bfe": "5BFE",
    "\u68ee": "68EE",
    "\u7518": "7518",
    "\u5f0a": "5F0A",
    "\u77e5": "77E5",
    "\u6b46": "6B46",
    "\u54d9": "54D9",
    "\u5047": "5047",
    "\u5984": "5984",
    "\u6477": "6477",
    "\u8d82": "8D82",
    "\ud863\uddd1": "28DD1",
    "\u6d1e": "6D1E",
    "\u679d": "679D",
    "\ud882\uddab": "309AB",
    "\u8a8d": "8A8D",
    "\u9bae": "9BAE",
    "\u842c": "842C",
    "\u798f": "798F",
    "\u55a7": "55A7",
    "\u8058": "8058",
    "\udb81\udcba": "F04BA",
    "\u9858": "9858",
    "\u6848": "6848",
    "\u67b6": "67B6",
    "\u7b52": "7B52",
    "\u5e40": "5E40",
    "\u677e": "677E",
    "\u7136": "7136",
    "\u6251": "6251",
    "\u756b": "756B",
    "\u54c1": "54C1",
    "\u531d": "531D",
    "\u58d9": "58D9",
    "\u8349": "8349",
    "\u5414": "5414",
    "\u5674": "5674",
    "\u4e16": "4E16",
    "\u4fee": "4FEE",
    "\ud842\udec5": "20AC5",
    "\u6ee5": "6EE5",
    "\ud854\ude6c": "2526C",
    "\u5bb9": "5BB9",
    "\ud86f\udf44": "2BF44",
    "\u4f69": "4F69",
    "\u574a": "574A",
    "\u95e8": "95E8",
    "\ud85c\udec3": "272C3",
    "\u56f7": "56F7",
    "\ud86f\udddc": "2BDDC",
    "\u58eb": "58EB",
    "\u767c": "767C",
    "\u6cc4": "6CC4",
    "\ud842\uddb3": "209B3",
    "\u6ea5": "6EA5",
    "\u5b9a": "5B9A",
    "\u52dd": "52DD",
    "\ud845\uddc9": "215C9",
    "\u7d50": "7D50",
    "\u4682": "4682",
    "\u8877": "8877",
    "\u6147": "6147",
    "\u61c3": "61C3",
    "\u85cf": "85CF",
    "\ud885\udd29": "31529",
    "\u76c3": "76C3",
    "\ud847\udc78": "21C78",
    "\u6639": "6639",
    "\u556b": "556B",
    "\u6025": "6025",
    "\u7d17": "7D17",
    "\ud885\udfe9": "317E9",
    "\u5e2d": "5E2D",
    "\ud858\udd86": "26186",
    "\u7d41": "7D41",
    "\ud888\udcf2": "320F2",
    "\u5712": "5712",
    "\u6867": "6867",
    "\udb81\udece": "F06CE",
    "\u8424": "8424",
    "\u5403": "5403",
    "\u52d5": "52D5",
    "\u69d0": "69D0",
    "\u68c3": "68C3",
    "\u5d7f": "5D7F",
    "\u83a2": "83A2",
    "\u68a6": "68A6",
    "\u66e0": "66E0",
    "\u9577": "9577",
    "\u675c": "675C",
    "\u8a34": "8A34",
    "\u9034": "9034",
    "\u881f": "881F",
    "\u7b8b": "7B8B",
    "\u8a93": "8A93",
    "\ud866\udfc0": "29BC0",
    "\u5011": "5011",
    "\u5200": "5200",
    "\u6688": "6688",
    "\ud841\udcac": "204AC",
    "\u4e01": "4E01",
    "\u5be7": "5BE7",
    "\u53cc": "53CC",
    "\u6839": "6839",
    "\u7d0a": "7D0A",
    "\u971e": "971E",
    "\u6f3f": "6F3F",
    "\u5c4f": "5C4F",
    "\u6cab": "6CAB",
    "\ud860\udcc9": "280C9",
    "\u85cd": "85CD",
    "\ud849\udf1d": "2271D",
    "\u904e": "904E",
    "\u8b92": "8B92",
    "\u8449": "8449",
    "\u8d64": "8D64",
    "\u7ef3": "7EF3",
    "\u96b4": "96B4",
    "\ud843\udef4": "20EF4",
    "\ud859\uddbb": "265BB",
    "\u937e": "937E",
    "\u8cce": "8CCE",
    "\u3a22": "3A22",
    "\u7709": "7709",
    "\ud846\udfae": "21BAE",
    "\u51dc": "51DC",
    "\u7533": "7533",
    "\u6b66": "6B66",
    "\u695a": "695A",
    "\u6f22": "6F22",
    "\u6230": "6230",
    "\u5834": "5834",
    "\u9244": "9244",
    "\u6266": "6266",
    "\u53f8": "53F8",
    "\u99ac": "99AC",
    "\u51f0": "51F0",
    "\u6c42": "6C42",
    "\u6028": "6028",
    "\u5eb7": "5EB7",
    "\u9675": "9675",
    "\ud872\udfa6": "2CBA6",
    "\u662d": "662D",
    "\u6200": "6200",
    "\u601d": "601D",
    "\u4cfd": "4CFD",
    "\ud886\uddce": "319CE",
    "\u5bec": "5BEC",
    "\ud86d\uddc4": "2B5C4",
    "\u3570": "3570",
    "\ud850\udfe3": "243E3",
    "\ud850\udf8e": "2438E",
    "\u83eb": "83EB",
    "\u5108": "5108",
    "\u7d06": "7D06",
    "\ud840\udce9": "200E9",
    "\u4532": "4532",
    "\ud843\udf46": "20F46",
    "\ud843\ude7d": "20E7D",
    "\u640a": "640A",
    "\u7c2b": "7C2B",
    "\u9a37": "9A37",
    "\u6081": "6081",
    "\u7c83": "7C83",
    "\udb81\udf23": "F0723",
    "\ud847\udcc3": "21CC3",
    "\u6fc3": "6FC3",
    "\u6f02": "6F02",
    "\u538c": "538C",
    "\ud84f\udcee": "23CEE",
    "\ud841\uddb0": "205B0",
    "\u6b47": "6B47",
    "\u5c3e": "5C3E",
    "\u6736": "6736",
    "\u592d": "592D",
    "\u57a0": "57A0",
    "\u5de2": "5DE2",
    "\ud868\udc04": "2A004",
    "\u5e03": "5E03",
    "\u8346": "8346",
    "\u9053": "9053",
    "\u5f9e": "5F9E",
    "\u592b": "592B",
    "\ud857\udfbe": "25FBE",
    "\ud84d\ude1b": "2361B",
    "\ud843\udf95": "20F95",
    "\u4fb6": "4FB6",
    "\ud86c\udd60": "2B160",
    "\udb81\udff4": "F07F4",
    "\ud855\udf24": "25724",
    "\udb81\udd6a": "F056A",
    "\ud84a\udc86": "22886",
    "\ud86b\udf5d": "2AF5D",
    "\u62bc": "62BC",
    "\u5948": "5948",
    "\u57f9": "57F9",
    "\u6b63": "6B63",
    "\u825a": "825A",
    "\ud850\udc55": "24055",
    "\ud888\ude3e": "3223E",
    "\u67f4": "67F4",
    "\ud844\ude66": "21266",
    "\u7ae5": "7AE5",
    "\ud843\udcda": "20CDA",
    "\u90ce": "90CE",
    "\u53d4": "53D4",
    "\u7236": "7236",
    "\u8f9e": "8F9E",
    "\u5df4": "5DF4",
    "\u65c5": "65C5",
    "\udb80\udebd": "F02BD",
    "\u643a": "643A",
    "\u907c": "907C",
    "\u967d": "967D",
    "\u963b": "963B",
    "\u693f": "693F",
    "\ud85e\udd88": "27988",
    "\u462e": "462E",
    "\ud843\udef5": "20EF5",
    "\u60f6": "60F6",
    "\u8f26": "8F26",
    "\u53d9": "53D9",
    "\u6bcf": "6BCF",
    "\u53ee": "53EE",
    "\u549b": "549B",
    "\u39c5": "39C5",
    "\u64bb": "64BB",
    "\ud886\udc06": "31806",
    "\u7e8f": "7E8F",
    "\ud888\udcdf": "320DF",
    "\ud86c\udda7": "2B1A7",
    "\ud887\ude7b": "31E7B",
    "\ud869\udffd": "2A7FD",
    "\ud850\udef5": "242F5",
    "\u7fc1": "7FC1",
    "\u652f": "652F",
    "\u9149": "9149",
    "\u7ba1": "7BA1",
    "\ud84c\udf83": "23383",
    "\ud885\udfa6": "317A6",
    "\u63de": "63DE",
    "\u9127": "9127",
    "\u8028": "8028",
    "\u978d": "978D",
    "\ud84a\udfbf": "22BBF",
    "\ud84b\udeba": "22EBA",
    "\u5fff": "5FFF",
    "\u5185": "5185",
    "\u9d51": "9D51",
    "\u9d08": "9D08",
    "\u7652": "7652",
    "\u56ec": "56EC",
    "\u554f": "554F",
    "\u66f0": "66F0",
    "\u570d": "570D",
    "\ud850\udf0b": "2430B",
    "\u5353": "5353",
    "\u8cd6": "8CD6",
    "\u58f3": "58F3",
    "\u826e": "826E",
    "\ud876\uddd9": "2D9D9",
    "\u56e2": "56E2",
    "\u58fd": "58FD",
    "\u7009": "7009",
    "\u5dee": "5DEE",
    "\u8859": "8859",
    "\ud859\udff1": "267F1",
    "\ud847\udc69": "21C69",
    "\ud870\udf25": "2C325",
    "\u5466": "5466",
    "\u649d": "649D",
    "\ud84a\udf02": "22B02",
    "\u8001": "8001",
    "\ud887\udc3c": "31C3C",
    "\u8cf4": "8CF4",
    "\u6df1": "6DF1",
    "\ud885\udcf2": "314F2",
    "\ud85c\udec6": "272C6",
    "\ud858\udcbe": "260BE",
    "\u7d75": "7D75",
    "\u57cb": "57CB",
    "\u5716": "5716",
    "\u8edf": "8EDF",
    "\u6cdf": "6CDF",
    "\ud855\udc65": "25465",
    "\u535c": "535C",
    "\u5355": "5355",
    "\u7dd8": "7DD8",
    "\u79f0": "79F0",
    "\u51fa": "51FA",
    "\u5c19": "5C19",
    "\u534a": "534A",
    "\u604d": "604D",
    "\u60da": "60DA",
    "\u5bc3": "5BC3",
    "\ud886\udeb9": "31AB9",
    "\ud843\ude5a": "20E5A",
    "\u35d1": "35D1",
    "\ud84c\ude17": "23217",
    "\u7684": "7684",
    "\u6064": "6064",
    "\u6b98": "6B98",
    "\u6a11": "6A11",
    "\ud84a\udeeb": "22AEB",
    "\u8650": "8650",
    "\u809d": "809D",
    "\u8def": "8DEF",
    "\u51a4": "51A4",
    "\u544c": "544C",
    "\u9177": "9177",
    "\u5bb3": "5BB3",
    "\u94b1": "94B1",
    "\u8089": "8089",
    "\u5168": "5168",
    "\u53d8": "53D8",
    "\u6b0a": "6B0A",
    "\ud885\udf6e": "3176E",
    "\u52ac": "52AC",
    "\u52b3": "52B3",
    "\u5b5d": "5B5D",
    "\u76df": "76DF",
    "\u6210": "6210",
    "\u6c7a": "6C7A",
    "\u59be": "59BE",
    "\u547d": "547D",
    "\u8d16": "8D16",
    "\ud86c\udd77": "2B177",
    "\u5f79": "5F79",
    "\u6148": "6148",
    "\u4e24": "4E24",
    "\u66ab": "66AB",
    "\u4ed8": "4ED8",
    "\u3a5c": "3A5C",
    "\ud843\ude15": "20E15",
    "\u898f": "898F",
    "\u798d": "798D",
    "\u707e": "707E",
    "\u4e0d": "4E0D",
    "\u6b7b": "6B7B",
    "\u96e2": "96E2",
    "\u66f7": "66F7",
    "\u54a4": "54A4",
    "\ud84a\udd1e": "2291E",
    "\u5418": "5418",
    "\u6572": "6572",
    "\u6c94": "6C94",
    "\u5a92": "5A92",
    "\u76e3": "76E3",
    "\u56ef": "56EF",
    "\u7e23": "7E23",
    "\u81e8": "81E8",
    "\u5e74": "5E74",
    "\u64e2": "64E2",
    "\u9b1a": "9B1A",
    "\ud86b\udd5f": "2AD5F",
    "\u4e19": "4E19",
    "\u4f35": "4F35",
    "\u3a33": "3A33",
    "\u8d67": "8D67",
    "\ud843\udc96": "20C96",
    "\ud885\udc87": "31487",
    "\ud84b\udd7c": "22D7C",
    "\ud853\uddcd": "24DCD",
    "\u90fd": "90FD",
    "\u65a4": "65A4",
    "\u6b64": "6B64",
    "\u724c": "724C",
    "\u71f6": "71F6",
    "\u5e73": "5E73",
    "\u96a8": "96A8",
    "\u8fed": "8FED",
    "\u8fe2": "8FE2",
    "\u6478": "6478",
    "\ud868\udcb2": "2A0B2",
    "\u77e3": "77E3",
    "\u5e16": "5E16",
    "\u91c6": "91C6",
    "\u4e8e": "4E8E",
    "\u6b78": "6B78",
    "\ud849\ude81": "22681",
    "\u516c": "516C",
    "\u4e5e": "4E5E",
    "\ud86a\udeb3": "2AAB3",
    "\ud854\uddbe": "251BE",
    "\ud85d\uddb1": "275B1",
    "\ud859\udecc": "266CC",
    "\u9912": "9912",
    "\u6975": "6975",
    "\u8aa3": "8AA3",
    "\u8a17": "8A17",
    "\u65a7": "65A7",
    "\u58ae": "58AE",
    "\ud86c\udffe": "2B3FE",
    "\u5c48": "5C48",
    "\ud86b\udfd9": "2AFD9",
    "\ud846\ude39": "21A39",
    "\u5d6c": "5D6C",
    "\ud851\uddd6": "245D6",
    "\u9daf": "9DAF",
    "\u674e": "674E",
    "\u68df": "68DF",
    "\u9db4": "9DB4",
    "\u640f": "640F",
    "\ud885\udee9": "316E9",
    "\u4e15": "4E15",
    "\u7a98": "7A98",
    "\u7b97": "7B97",
    "\u6eda": "6EDA",
    "\u8a18": "8A18",
    "\u72ec": "72EC",
    "\u5730": "5730",
    "\u650e": "650E",
    "\u6c96": "6C96",
    "\u985b": "985B",
    "\u996c": "996C",
    "\ud84a\ude7e": "22A7E",
    "\u9054": "9054",
    "\u8a1f": "8A1F",
    "\ud875\udee3": "2D6E3",
    "\u661f": "661F",
    "\u8005": "8005",
    "\u5ea6": "5EA6",
    "\ud872\udc62": "2C862",
    "\u788e": "788E",
    "\u7a0b": "7A0B",
    "\ud843\udede": "20EDE",
    "\u55ab": "55AB",
    "\u63da": "63DA",
    "\u71e5": "71E5",
    "\ud844\udcf9": "210F9",
    "\ud84a\ude7d": "22A7D",
    "\u52ab": "52AB",
    "\u518d": "518D",
    "\u584a": "584A",
    "\u8292": "8292",
    "\u6cc9": "6CC9",
    "\u76d8": "76D8",
    "\u70b5": "70B5",
    "\ud855\udc28": "25428",
    "\u9615": "9615",
    "\u700b": "700B",
    "\ud843\udec3": "20EC3",
    "\u67ef": "67EF",
    "\ud84f\udded": "23DED",
    "\u5fd6": "5FD6",
    "\u8a31": "8A31",
    "\ud84a\udc05": "22805",
    "\ud843\ude7e": "20E7E",
    "\ud855\udec9": "256C9",
    "\ud86e\udc49": "2B849",
    "\u9e1e": "9E1E",
    "\u6e48": "6E48",
    "\ud871\udeb8": "2C6B8",
    "\u75c5": "75C5",
    "\u5505": "5505",
    "\u3ba0": "3BA0",
    "\u7269": "7269",
    "\ud846\udc90": "21890",
    "\u7120": "7120",
    "\ud886\udeb5": "31AB5",
    "\u6504": "6504",
    "\u6108": "6108",
    "\u9b42": "9B42",
    "\u84b2": "84B2",
    "\ud847\ude60": "21E60",
    "\u591c": "591C",
    "\u6d12": "6D12",
    "\ud84c\uddde": "231DE",
    "\ud872\udf99": "2CB99",
    "\u611b": "611B",
    "\u5582": "5582",
    "\ud841\udfb9": "207B9",
    "\u919d": "919D",
    "\u5577": "5577",
    "\udb81\udd3a": "F053A",
    "\u6e6f": "6E6F",
    "\ud871\udfe5": "2C7E5",
    "\u5343": "5343",
    "\u5f59": "5F59",
    "\u6cd2": "6CD2",
    "\u615d": "615D",
    "\ud866\udd93": "29993",
    "\u638a": "638A",
    "\ud884\udf78": "31378",
    "\u6c89": "6C89",
    "\ud853\uddf1": "24DF1",
    "\u934a": "934A",
    "\ud849\ude3e": "2263E",
    "\u515c": "515C",
    "\ud886\udf5e": "31B5E",
    "\ud843\udf56": "20F56",
    "\u5357": "5357",
    "\u8f4e": "8F4E",
    "\u7d43": "7D43",
    "\u6f13": "6F13",
    "\u8695": "8695",
    "\u77ef": "77EF",
    "\u6700": "6700",
    "\ud860\udc98": "28098",
    "\u59af": "59AF",
    "\u99d0": "99D0",
    "\ud843\udf36": "20F36",
    "\u8b70": "8B70",
    "\u756a": "756A",
    "\ud870\udedf": "2C2DF",
    "\ud865\udc5b": "2945B",
    "\u8602": "8602",
    "\ud84a\udf26": "22B26",
    "\udb82\udc23": "F0823",
    "\u7adc": "7ADC",
    "\u9752": "9752",
    "\u9632": "9632",
    "\u6f28": "6F28",
    "\u79c0": "79C0",
    "\u9650": "9650",
    "\u92f8": "92F8",
    "\ud85b\udcbe": "26CBE",
    "\ud863\ude08": "28E08",
    "\u5954": "5954",
    "\u7c89": "7C89",
    "\u4f8b": "4F8B",
    "\ud848\udd02": "22102",
    "\udb81\udf8c": "F078C",
    "\ud884\udf7a": "3137A",
    "\u5a75": "5A75",
    "\u5a1f": "5A1F",
    "\u68a9": "68A9",
    "\u536f": "536F",
    "\u62c8": "62C8",
    "\u5a5a": "5A5A",
    "\u542a": "542A",
    "\u5b6b": "5B6B",
    "\u8cb4": "8CB4",
    "\ud884\udfeb": "313EB",
    "\u5229": "5229",
    "\ud843\udc18": "20C18",
    "\u5501": "5501",
    "\ud850\udeb0": "242B0",
    "\u51e1": "51E1",
    "\u6500": "6500",
    "\u67d1": "67D1",
    "\u5c18": "5C18",
    "\u69b4": "69B4",
    "\ud859\ude64": "26664",
    "\ud873\udde4": "2CDE4",
    "\ud843\udf26": "20F26",
    "\u5143": "5143",
    "\u43e2": "43E2",
    "\u9322": "9322",
    "\u6216": "6216",
    "\u8dea": "8DEA",
    "\u7e3b": "7E3B",
    "\ud860\uddd2": "281D2",
    "\ud887\udd38": "31D38",
    "\ud851\udc98": "24498",
    "\u732a": "732A",
    "\u7070": "7070",
    "\u8165": "8165",
    "\u6c61": "6C61",
    "\u60b4": "60B4",
    "\u7b6d": "7B6D",
    "\u65f6": "65F6",
    "\u8ffd": "8FFD",
    "\u77eb": "77EB",
    "\u7d2f": "7D2F",
    "\u4e14": "4E14",
    "\u5605": "5605",
    "\u35dc": "35DC",
    "\ud85e\udd47": "27947",
    "\u516d": "516D",
    "\u5c90": "5C90",
    "\ud860\udc12": "28012",
    "\ud868\udc0a": "2A00A",
    "\u8b66": "8B66",
    "\ud860\udee3": "282E3",
    "\u5c8b": "5C8B",
    "\ud847\ude61": "21E61",
    "\ud862\udd2e": "2892E",
    "\u8ce4": "8CE4",
    "\udb81\udda7": "F05A7",
    "\u51b2": "51B2",
    "\u5415": "5415",
    "\ud857\udc0a": "25C0A",
    "\ud86e\udd67": "2B967",
    "\u5eca": "5ECA",
    "\u59c2": "59C2",
    "\u5991": "5991",
    "\u5f62": "5F62",
    "\ud852\udfe9": "24BE9",
    "\u5749": "5749",
    "\u572d": "572D",
    "\u60b6": "60B6",
    "\ud86f\udf22": "2BF22",
    "\u594f": "594F",
    "\u5462": "5462",
    "\u8981": "8981",
    "\u8304": "8304",
    "\u93ae": "93AE",
    "\ud85e\udcf3": "278F3",
    "\u7b60": "7B60",
    "\ud861\udd3e": "2853E",
    "\u845b": "845B",
    "\u85e4": "85E4",
    "\ud84a\udfdc": "22BDC",
    "\u5189": "5189",
    "\ud849\udd96": "22596",
    "\u9b3c": "9B3C",
    "\u5875": "5875",
    "\u62d4": "62D4",
    "\u6dda": "6DDA",
    "\u8c37": "8C37",
    "\u629b": "629B",
    "\u5cb8": "5CB8",
    "\u6de8": "6DE8",
    "\ud84f\udfba": "23FBA",
    "\u5c64": "5C64",
    "\u78a7": "78A7",
    "\u764b": "764B",
    "\u5f0b": "5F0B",
    "\u8fb0": "8FB0",
    "\u660f": "660F",
    "\u6dc4": "6DC4",
    "\u8eff": "8EFF",
    "\u7c3e": "7C3E",
    "\u8131": "8131",
    "\ud848\udc32": "22032",
    "\ud851\udce2": "244E2",
    "\u5b98": "5B98",
    "\u5723": "5723",
    "\ud886\udd64": "31964",
    "\u5148": "5148",
    "\u5e2b": "5E2B",
    "\ud84c\udeda": "232DA",
    "\ud886\udcad": "318AD",
    "\u5949": "5949",
    "\u59d1": "59D1",
    "\u919c": "919C",
    "\ud867\udd2c": "29D2C",
    "\ud843\udd14": "20D14",
    "\u6dcb": "6DCB",
    "\ud840\udc51": "20051",
    "\u8891": "8891",
    "\u5591": "5591",
    "\u7f52": "7F52",
    "\ud844\uddab": "211AB",
    "\u62e0": "62E0",
    "\ud873\ude97": "2CE97",
    "\u98df": "98DF",
    "\u5bb5": "5BB5",
    "\u706b": "706B",
    "\ud85c\udcad": "270AD",
    "\u8205": "8205",
    "\udb82\udc5e": "F085E",
    "\u91c7": "91C7",
    "\u9589": "9589",
    "\u4e09": "4E09",
    "\u5f6d": "5F6D",
    "\u7dbf": "7DBF",
    "\u4fdd": "4FDD",
    "\u9020": "9020",
    "\u4ec1": "4EC1",
    "\u7de1": "7DE1",
    "\u53e6": "53E6",
    "\u5165": "5165",
    "\u6cd5": "6CD5",
    "\u86a4": "86A4",
    "\u4ec3": "4EC3",
    "\ud845\uded4": "216D4",
    "\udb80\ude7a": "F027A",
    "\ud86a\udf9e": "2AB9E",
    "\u97ad": "97AD",
    "\ud86a\udfad": "2ABAD",
    "\u5b7d": "5B7D",
    "\u7834": "7834",
    "\ud844\udeff": "212FF",
    "\ud84d\udc7b": "2347B",
    "\u5f3c": "5F3C",
    "\u57df": "57DF",
    "\u5272": "5272",
    "\u6714": "6714",
    "\ud85f\udf0b": "27F0B",
    "\udb81\udf7a": "F077A",
    "\u9041": "9041",
    "\u6570": "6570",
    "\u696d": "696D",
    "\u35c5": "35C5",
    "\u76f4": "76F4",
    "\ud86a\udc96": "2A896",
    "\ud844\udc7e": "2107E",
    "\u86ee": "86EE",
    "\u5549": "5549",
    "\u7a31": "7A31",
    "\u7f6a": "7F6A",
    "\u62a5": "62A5",
    "\ud844\udd67": "21167",
    "\u662f": "662F",
    "\u975e": "975E",
    "\ud84d\udc73": "23473",
    "\ud847\udca4": "21CA4",
    "\u5919": "5919",
    "\u59fb": "59FB",
    "\u5664": "5664",
    "\u623e": "623E",
    "\u4ee3": "4EE3",
    "\u9a30": "9A30",
    "\ud850\udf9c": "2439C",
    "\ud843\udfef": "20FEF",
    "\ud885\udc28": "31428",
    "\ud885\udc01": "31401",
    "\ud858\ude9b": "2629B",
    "\u516b": "516B",
    "\u590a": "590A",
    "\u5409": "5409",
    "\ud845\udc71": "21471",
    "\ud844\udfe7": "213E7",
    "\u55d9": "55D9",
    "\ud84c\udf0b": "2330B",
    "\udb80\udd72": "F0172",
    "\ud84d\ude08": "23608",
    "\u6ed1": "6ED1",
    "\u63e8": "63E8",
    "\u7b54": "7B54",
    "\u84ec": "84EC",
    "\u840a": "840A",
    "\u6893": "6893",
    "\u3aaf": "3AAF",
    "\ud873\udc87": "2CC87",
    "\u5e06": "5E06",
    "\ud849\udf82": "22782",
    "\u83ab": "83AB",
    "\u69e3": "69E3",
    "\u6dec": "6DEC",
    "\u8884": "8884",
    "\u8109": "8109",
    "\u537f": "537F",
    "\u985e": "985E",
    "\u6842": "6842",
    "\u674f": "674F",
    "\u6d2a": "6D2A",
    "\u53c8": "53C8",
    "\u4e91": "4E91",
    "\u4e5f": "4E5F",
    "\u49fa": "49FA",
    "\u64cd": "64CD",
    "\u6ac3": "6AC3",
    "\u671b": "671B",
    "\ud862\udeca": "28ACA",
    "\u91d8": "91D8",
    "\u611f": "611F",
    "\u6d19": "6D19",
    "\u6d33": "6D33",
    "\u6d4e": "6D4E",
    "\ud84f\udfbc": "23FBC",
    "\u6dea": "6DEA",
    "\ud882\udfb3": "30BB3",
    "\u9d3b": "9D3B",
    "\u5fa9": "5FA9",
    "\u6614": "6614",
    "\u620c": "620C",
    "\u68f1": "68F1",
    "\ud84a\udfe6": "22BE6",
    "\u8e65": "8E65",
    "\u5d07": "5D07",
    "\u60ee": "60EE",
    "\u6bb5": "6BB5",
    "\ud87a\udd77": "2E977",
    "\u92c9": "92C9",
    "\ud843\ude2c": "20E2C",
    "\u50e3": "50E3",
    "\u5783": "5783",
    "\u5065": "5065",
    "\ud860\uddcd": "281CD",
    "\u65ab": "65AB",
    "\u593e": "593E",
    "\u43d5": "43D5",
    "\u8de4": "8DE4",
    "\ud844\udfe6": "213E6",
    "\ud84d\ude03": "23603",
    "\ud847\udda8": "21DA8",
    "\u8fa3": "8FA3",
    "\ud843\udcd7": "20CD7",
    "\u6751": "6751",
    "\u96c9": "96C9",
    "\u7db1": "7DB1",
    "\u99ed": "99ED",
    "\u7d2b": "7D2B",
    "\ud845\uddcb": "215CB",
    "\ud852\udc87": "24887",
    "\u901f": "901F",
    "\ud870\udd85": "2C185",
    "\ud884\udff5": "313F5",
    "\u67e5": "67E5",
    "\u62c9": "62C9",
    "\u54c9": "54C9",
    "\ud85f\ude81": "27E81",
    "\u9996": "9996",
    "\u8179": "8179",
    "\u61c7": "61C7",
    "\u688f": "688F",
    "\ud85d\udc16": "27416",
    "\u58c8": "58C8",
    "\ud846\udf8d": "21B8D",
    "\u767d": "767D",
    "\u7960": "7960",
    "\u4f9b": "4F9B",
    "\ud85a\udc18": "26818",
    "\u9813": "9813",
    "\u5b0c": "5B0C",
    "\ud843\udf2f": "20F2F",
    "\u58ab": "58AB",
    "\u8299": "8299",
    "\u84c9": "84C9",
    "\u62d6": "62D6",
    "\u7528": "7528",
    "\ud842\udf64": "20B64",
    "\u537d": "537D",
    "\u96aa": "96AA",
    "\u6e87": "6E87",
    "\u6a21": "6A21",
    "\u5639": "5639",
    "\u54f0": "54F0",
    "\u55a5": "55A5",
    "\u7737": "7737",
    "\ud86e\udef5": "2BAF5",
    "\ud86a\udc54": "2A854",
    "\u54b6": "54B6",
    "\u5652": "5652",
    "\u6043": "6043",
    "\u4e95": "4E95",
    "\ud844\udccd": "210CD",
    "\u826f": "826F",
    "\u550b": "550B",
    "\ud860\udda2": "281A2",
    "\u6d21": "6D21",
    "\u773e": "773E",
    "\ud843\udc4b": "20C4B",
    "\u552a": "552A",
    "\ud852\udf78": "24B78",
    "\u5432": "5432",
    "\u3578": "3578",
    "\u5c5e": "5C5E",
    "\u9445": "9445",
    "\ud871\ude5e": "2C65E",
    "\u7cc1": "7CC1",
    "\ud885\udfce": "317CE",
    "\u5431": "5431",
    "\u654f": "654F",
    "\u6773": "6773",
    "\ud872\udcb1": "2C8B1",
    "\ud843\ude73": "20E73",
    "\u6a01": "6A01",
    "\u6c54": "6C54",
    "\u64e7": "64E7",
    "\u95a3": "95A3",
    "\u623f": "623F",
    "\u635b": "635B",
    "\ud875\udcc7": "2D4C7",
    "\ud86f\udd47": "2BD47",
    "\u5b8b": "5B8B",
    "\ud862\udc87": "28887",
    "\u4f5c": "4F5C",
    "\ud846\ude0c": "21A0C",
    "\u78fe": "78FE",
    "\u590f": "590F",
    "\u5077": "5077",
    "\ud859\ude27": "26627",
    "\u7439": "7439",
    "\u5539": "5539",
    "\udb82\udc63": "F0863",
    "\u6425": "6425",
    "\ud850\udefe": "242FE",
    "\ud84b\udd0d": "22D0D",
    "\u62d9": "62D9",
    "\ud886\udd7a": "3197A",
    "\ud84a\udfcf": "22BCF",
    "\u5c08": "5C08",
    "\u4995": "4995",
    "\ud863\udeeb": "28EEB",
    "\u5b87": "5B87",
    "\u9ec4": "9EC4",
    "\u53d5": "53D5",
    "\u8fb1": "8FB1",
    "\u675f": "675F",
    "\u932b": "932B",
    "\u5dde": "5DDE",
    "\ud847\udfb5": "21FB5",
    "\u9b41": "9B41",
    "\u6155": "6155",
    "\u8513": "8513",
    "\udb82\udc6f": "F086F",
    "\u58f0": "58F0",
    "\u69fe": "69FE",
    "\u6190": "6190",
    "\u64db": "64DB",
    "\u74e2": "74E2",
    "\u7be4": "7BE4",
    "\u6609": "6609",
    "\u75b2": "75B2",
    "\u6b61": "6B61",
    "\ud84b\udea4": "22EA4",
    "\ud84a\udf22": "22B22",
    "\u54ce": "54CE",
    "\ud884\udfe6": "313E6",
    "\ud850\udf76": "24376",
    "\udb82\udc66": "F0866",
    "\u7259": "7259",
    "\u5ea7": "5EA7",
    "\u504f": "504F",
    "\u360b": "360B",
    "\u8c82": "8C82",
    "\u76ce": "76CE",
    "\u7d46": "7D46",
    "\u9332": "9332",
    "\u79bb": "79BB",
    "\ud84c\udcf2": "230F2",
    "\ud84b\udc9b": "22C9B",
    "\u3d16": "3D16",
    "\u5a36": "5A36",
    "\u62eb": "62EB",
    "\u90a3": "90A3",
    "\ud86a\uddda": "2A9DA",
    "\u59ee": "59EE",
    "\u6f54": "6F54",
    "\udb80\udfdf": "F03DF",
    "\u5b64": "5B64",
    "\u8345": "8345",
    "\u7345": "7345",
    "\udb81\uddb7": "F05B7",
    "\u54ae": "54AE",
    "\ud853\udd7a": "24D7A",
    "\udb80\udf48": "F0348",
    "\u6307": "6307",
    "\u51c9": "51C9",
    "\ud85f\udfeb": "27FEB",
    "\u63d2": "63D2",
    "\u7f72": "7F72",
    "\u6471": "6471",
    "\u6b77": "6B77",
    "\u79c1": "79C1",
    "\u68a7": "68A7",
    "\ud84a\uded4": "22AD4",
    "\ud844\udfd8": "213D8",
    "\u6254": "6254",
    "\ud857\udc70": "25C70",
    "\u7576": "7576",
    "\u96f7": "96F7",
    "\u8fa8": "8FA8",
    "\u8a13": "8A13",
    "\ud864\udd90": "29190",
    "\ud864\udd30": "29130",
    "\u923d": "923D",
    "\u9410": "9410",
    "\ud84a\udea0": "22AA0",
    "\u544a": "544A",
    "\u813e": "813E",
    "\u5e9c": "5E9C",
    "\u7968": "7968",
    "\udb81\udd3f": "F053F",
    "\u5a01": "5A01",
    "\u8cb8": "8CB8",
    "\u72c0": "72C0",
    "\u5b89": "5B89",
    "\u7167": "7167",
    "\u52a0": "52A0",
    "\u5211": "5211",
    "\udb81\udd13": "F0513",
    "\u9706": "9706",
    "\u7261": "7261",
    "\u4e39": "4E39",
    "\udb80\udf7e": "F037E",
    "\ud853\uddc4": "24DC4",
    "\u77d1": "77D1",
    "\udb81\udc40": "F0440",
    "\ud843\udc9f": "20C9F",
    "\ud847\udcea": "21CEA",
    "\u89e3": "89E3",
    "\u6d61": "6D61",
    "\u786f": "786F",
    "\u67b7": "67B7",
    "\u62ee": "62EE",
    "\u6279": "6279",
    "\u76db": "76DB",
    "\u5442": "5442",
    "\ud862\udd27": "28927",
    "\u5ead": "5EAD",
    "\u9f13": "9F13",
    "\u821e": "821E",
    "\u60e0": "60E0",
    "\u8344": "8344",
    "\ud843\ude1f": "20E1F",
    "\ud84c\udd90": "23190",
    "\u4e87": "4E87",
    "\u85df": "85DF",
    "\u7cdf": "7CDF",
    "\u7ce0": "7CE0",
    "\u6c81": "6C81",
    "\ud858\udc3e": "2603E",
    "\u80e3": "80E3",
    "\u620e": "620E",
    "\u6d88": "6D88",
    "\u8017": "8017",
    "\ud84a\udcb2": "228B2",
    "\ud875\udd30": "2D530",
    "\ud843\udd17": "20D17",
    "\u56de": "56DE",
    "\u88dd": "88DD",
    "\ud841\udcc7": "204C7",
    "\u5b81": "5B81",
    "\u8df5": "8DF5",
    "\u6cb3": "6CB3",
    "\u81ef": "81EF",
    "\u5e26": "5E26",
    "\u694a": "694A",
    "\u5480": "5480",
    "\u852d": "852D",
    "\ud858\udc2b": "2602B",
    "\u4f96": "4F96",
    "\ud842\udfc6": "20BC6",
    "\ud865\udef7": "296F7",
    "\u888d": "888D",
    "\ud886\udcc3": "318C3",
    "\u7430": "7430",
    "\udb82\udcdf": "F08DF",
    "\u8958": "8958",
    "\u8093": "8093",
    "\u5ba6": "5BA6",
    "\u90e8": "90E8",
    "\u59d0": "59D0",
    "\u9806": "9806",
    "\ud858\udd3e": "2613E",
    "\ud843\udec6": "20EC6",
    "\udb82\udc03": "F0803",
    "\ud870\udfb8": "2C3B8",
    "\udb84\udcd9": "F10D9",
    "\ud849\uddfc": "225FC",
    "\u8706": "8706",
    "\u62ef": "62EF",
    "\u773c": "773C",
    "\u524d": "524D",
    "\u677f": "677F",
    "\ud86e\uded7": "2BAD7",
    "\ud874\udc48": "2D048",
    "\ud840\udc32": "20032",
    "\udb82\udc57": "F0857",
    "\ud869\ude35": "2A635",
    "\ud84c\udf09": "23309",
    "\ud84c\udefd": "232FD",
    "\u6684": "6684",
    "\udb81\udeb7": "F06B7",
    "\u6d17": "6D17",
    "\ud846\udfb3": "21BB3",
    "\u8003": "8003",
    "\u9091": "9091",
    "\u936e": "936E",
    "\udb82\udcc1": "F08C1",
    "\u6d82": "6D82",
    "\u7d71": "7D71",
    "\u8acb": "8ACB",
    "\u84f4": "84F4",
    "\u4c5b": "4C5B",
    "\u6c6b": "6C6B",
    "\u6c5f": "6C5F",
    "\u6e56": "6E56",
    "\u585e": "585E",
    "\u52d9": "52D9",
    "\u4e73": "4E73",
    "\u6668": "6668",
    "\u78cb": "78CB",
    "\ud84b\udda2": "22DA2",
    "\u6068": "6068",
    "\ud853\udd2a": "24D2A",
    "\ud854\uded3": "252D3",
    "\u8b00": "8B00",
    "\udb82\udc65": "F0865",
    "\u7e80": "7E80",
    "\ud853\udefb": "24EFB",
    "\udb80\udfe4": "F03E4",
    "\u6044": "6044",
    "\u72ac": "72AC",
    "\u9df9": "9DF9",
    "\ud86a\udf99": "2AB99",
    "\u68cd": "68CD",
    "\u5404": "5404",
    "\ud84f\uddf7": "23DF7",
    "\u6851": "6851",
    "\ud842\udfbe": "20BBE",
    "\u88f4": "88F4",
    "\ud864\udd58": "29158",
    "\u6795": "6795",
    "\ud85b\udf1c": "26F1C",
    "\ud887\udfa5": "31FA5",
    "\u6309": "6309",
    "\u7f3a": "7F3A",
    "\ud85f\udeed": "27EED",
    "\ud840\udfaa": "203AA",
    "\u60e1": "60E1",
    "\u938c": "938C",
    "\u5931": "5931",
    "\ud85f\udfc6": "27FC6",
    "\ud884\udffa": "313FA",
    "\u5c4d": "5C4D",
    "\u7121": "7121",
    "\u84d3": "84D3",
    "\u9690": "9690",
    "\ud84e\udd8e": "2398E",
    "\u5d69": "5D69",
    "\ud887\udfc8": "31FC8",
    "\u70ad": "70AD",
    "\ud850\ude1c": "2421C",
    "\u907a": "907A",
    "\u9ab8": "9AB8",
    "\u6287": "6287",
    "\u887e": "887E",
    "\u6b5b": "6B5B",
    "\u658e": "658E",
    "\u9678": "9678",
    "\u4f4d": "4F4D",
    "\u870d": "870D",
    "\u7169": "7169",
    "\u8a23": "8A23",
    "\u60e8": "60E8",
    "\ud84a\udce7": "228E7",
    "\ud849\udc8e": "2248E",
    "\u7b26": "7B26",
    "\ud85a\udd36": "26936",
    "\u7384": "7384",
    "\u771f": "771F",
    "\u4f0f": "4F0F",
    "\u51c8": "51C8",
    "\ud844\udea8": "212A8",
    "\ud864\ude18": "29218",
    "\u5bae": "5BAE",
    "\u96be": "96BE",
    "\u5ddd": "5DDD",
    "\u7344": "7344",
    "\u9593": "9593",
    "\u62c5": "62C5",
    "\u8011": "8011",
    "\u6e21": "6E21",
    "\ud885\udc60": "31460",
    "\u6881": "6881",
    "\u5fac": "5FAC",
    "\u5fa8": "5FA8",
    "\u4faf": "4FAF",
    "\u4e86": "4E86",
    "\u9b1f": "9B1F",
    "\u6bdb": "6BDB",
    "\ud854\udef7": "252F7",
    "\ud871\udd89": "2C589",
    "\u572f": "572F",
    "\u5bb0": "5BB0",
    "\ud850\udfe7": "243E7",
    "\u4e03": "4E03",
    "\ud843\udd1b": "20D1B",
    "\ud885\udcb5": "314B5",
    "\udb82\udc54": "F0854",
    "\u5584": "5584",
    "\u732b": "732B",
    "\ud868\udcae": "2A0AE",
    "\u7e31": "7E31",
    "\u780c": "780C",
    "\udb80\udc6d": "F006D",
    "\u35a1": "35A1",
    "\u98ed": "98ED",
    "\ud85a\uddd8": "269D8",
    "\u4f8d": "4F8D",
    "\u8863": "8863",
    "\ud84f\ude58": "23E58",
    "\ud862\ude32": "28A32",
    "\u597d": "597D",
    "\u58c1": "58C1",
    "\ud86c\uddf0": "2B1F0",
    "\ud856\udf8a": "25B8A",
    "\u6ec7": "6EC7",
    "\ud865\udec2": "296C2",
    "\u6853": "6853",
    "\udb80\uddff": "F01FF",
    "\u50b5": "50B5",
    "\u5019": "5019",
    "\u5535": "5535",
    "\u5475": "5475",
    "\u54b1": "54B1",
    "\udb80\ude5a": "F025A",
    "\ud885\udd2a": "3152A",
    "\ud885\udea4": "316A4",
    "\u5203": "5203",
    "\u6545": "6545",
    "\u9d1b": "9D1B",
    "\ud85a\udf52": "26B52",
    "\u8fcd": "8FCD",
    "\u7f85": "7F85",
    "\ud860\udc0a": "2800A",
    "\ud850\ude1b": "2421B",
    "\ud86d\udca5": "2B4A5",
    "\u5660": "5660",
    "\u5ca9": "5CA9",
    "\ud84e\ude42": "23A42",
    "\u87f3": "87F3",
    "\udb81\udf82": "F0782",
    "\udb87\udd32": "F1D32",
    "\u670d": "670D",
    "\u965f": "965F",
    "\ud847\udd46": "21D46",
    "\u9162": "9162",
    "\u916c": "916C",
    "\u690d": "690D",
    "\u6301": "6301",
    "\u58fc": "58FC",
    "\u5c3d": "5C3D",
    "\ud849\ude29": "22629",
    "\ud842\udfe6": "20BE6",
    "\ud843\udd86": "20D86",
    "\u4e38": "4E38",
    "\u7248": "7248",
    "\u5472": "5472",
    "\u5524": "5524",
    "\u75fa": "75FA",
    "\u84c6": "84C6",
    "\u6850": "6850",
    "\ud85b\udd5a": "26D5A",
    "\ud866\udc34": "29834",
    "\ud843\udf47": "20F47",
    "\ud871\udc12": "2C412",
    "\ud85c\udf70": "27370",
    "\ud849\udf59": "22759",
    "\ud850\ude57": "24257",
    "\u9418": "9418",
    "\ud84a\ude8a": "22A8A",
    "\ud846\udfb6": "21BB6",
    "\u73e5": "73E5",
    "\u82dd": "82DD",
    "\u501a": "501A",
    "\ud871\udc49": "2C449",
    "\u843e": "843E",
    "\u5fcc": "5FCC",
    "\u85a9": "85A9",
    "\u80de": "80DE",
    "\udb82\udc75": "F0875",
    "\u54fa": "54FA",
    "\u9763": "9763",
    "\udb80\udfd9": "F03D9",
    "\ud848\udc2d": "2202D",
    "\ud848\udc28": "22028",
    "\u6a39": "6A39",
    "\u745a": "745A",
    "\u53a8": "53A8",
    "\u8aa6": "8AA6",
    "\u7ecf": "7ECF",
    "\u4e94": "4E94",
    "\udb82\udc61": "F0861",
    "\ud86e\udc8b": "2B88B",
    "\u7688": "7688",
    "\u6212": "6212",
    "\u8888": "8888",
    "\u88df": "88DF",
    "\u6fef": "6FEF",
    "\ud84a\udcc3": "228C3",
    "\u6d03": "6D03",
    "\u92ea": "92EA",
    "\u624b": "624B",
    "\u5b57": "5B57",
    "\u3628": "3628",
    "\ud850\udf95": "24395",
    "\ud84d\ude69": "23669",
    "\ud84d\ude3d": "2363D",
    "\u7985": "7985",
    "\u42e5": "42E5",
    "\ud843\ude02": "20E02",
    "\u95ee": "95EE",
    "\u667a": "667A",
    "\u5b97": "5B97",
    "\ud888\udfa9": "323A9",
    "\u6822": "6822",
    "\u6fe4": "6FE4",
    "\ud843\ude74": "20E74",
    "\ud843\udd94": "20D94",
    "\u6dce": "6DCE",
    "\ud864\udd8b": "2918B",
    "\udb81\udc3b": "F043B",
    "\ud873\udc84": "2CC84",
    "\u8186": "8186",
    "\u8482": "8482",
    "\ud86c\udcf8": "2B0F8",
    "\u5a62": "5A62",
    "\ud886\udd76": "31976",
    "\u7d93": "7D93",
    "\ud872\uddfa": "2C9FA",
    "\ud84f\ude55": "23E55",
    "\u9f4b": "9F4B",
    "\u5d14": "5D14",
    "\u62aa": "62AA",
    "\u8ccd": "8CCD",
    "\u69d4": "69D4",
    "\ud873\ude78": "2CE78",
    "\u6ed5": "6ED5",
    "\ud86f\udeb6": "2BEB6",
    "\ud86d\udc37": "2B437",
    "\ud851\udfbb": "247BB",
    "\u6bd2": "6BD2",
    "\ud85c\udefb": "272FB",
    "\u6a14": "6A14",
    "\u6ce0": "6CE0",
    "\u6c40": "6C40",
    "\ud862\udeaa": "28AAA",
    "\ud869\udd20": "2A520",
    "\ud864\uddaa": "291AA",
    "\u983d": "983D",
    "\ud850\udf4e": "2434E",
    "\u5eb5": "5EB5",
    "\ud84b\udc57": "22C57",
    "\u4f4f": "4F4F",
    "\ud879\uddd3": "2E5D3",
    "\ud86c\udd5c": "2B15C",
    "\ud84f\udd72": "23D72",
    "\u5144": "5144",
    "\u9762": "9762",
    "\u732e": "732E",
    "\u78ec": "78EC",
    "\u4768": "4768",
    "\u5f92": "5F92",
    "\u3641": "3641",
    "\ud85a\udfec": "26BEC",
    "\u5048": "5048",
    "\ud851\uddf9": "245F9",
    "\u6311": "6311",
    "\ud84d\udd96": "23596",
    "\u6167": "6167",
    "\u4f60": "4F60",
    "\u4f3d": "4F3D",
    "\u9821": "9821",
    "\u5be6": "5BE6",
    "\ud84c\udf80": "23380",
    "\u8aa8": "8AA8",
    "\ud842\udc29": "20829",
    "\u9b2a": "9B2A",
    "\u78ca": "78CA",
    "\u4f24": "4F24",
    "\ud844\udfa5": "213A5",
    "\u559d": "559D",
    "\u7fe5": "7FE5",
    "\u7956": "7956",
    "\u9580": "9580",
    "\ud888\udc70": "32070",
    "\udb82\udc6d": "F086D",
    "\u550e": "550E",
    "\udb82\udc68": "F0868",
    "\ud843\udc9d": "20C9D",
    "\u51f6": "51F6",
    "\u4e0e": "4E0E",
    "\u8caf": "8CAF",
    "\u5016": "5016",
    "\ud846\udd59": "21959",
    "\u621a": "621A",
    "\ud859\ude90": "26690",
    "\ud848\udf0c": "2230C",
    "\u5f2f": "5F2F",
    "\u5f13": "5F13",
    "\u78d0": "78D0",
    "\ud84d\udee0": "236E0",
    "\u7a79": "7A79",
    "\u8a3c": "8A3C",
    "\u6029": "6029",
    "\u4ee4": "4EE4",
    "\u6289": "6289",
    "\u968d": "968D",
    "\udb84\udff9": "F13F9",
    "\ud886\udc0d": "3180D",
    "\ud843\udf94": "20F94",
    "\u9ad9": "9AD9",
    "\ud861\udd09": "28509",
    "\ud86c\udcda": "2B0DA",
    "\u77fe": "77FE",
    "\u6e53": "6E53",
    "\u921e": "921E",
    "\u80a3": "80A3",
    "\u62f3": "62F3",
    "\u97dc": "97DC",
    "\ud840\udc5f": "2005F",
    "\u8da3": "8DA3",
    "\u6d58": "6D58",
    "\u6389": "6389",
    "\ud854\udd81": "25181",
    "\u80c6": "80C6",
    "\u6c95": "6C95",
    "\udb82\udc29": "F0829",
    "\ud844\udeb1": "212B1",
    "\u70aa": "70AA",
    "\u71af": "71AF",
    "\u6338": "6338",
    "\u5023": "5023",
    "\u664b": "664B",
    "\u54ad": "54AD",
    "\u5df1": "5DF1",
    "\u99df": "99DF",
    "\u6295": "6295",
    "\u9084": "9084",
    "\ud86d\udd2e": "2B52E",
    "\ud853\udcc6": "24CC6",
    "\ud871\ude7e": "2C67E",
    "\u9a0e": "9A0E",
    "\ud85c\udff5": "273F5",
    "\u4e08": "4E08",
    "\u6e9f": "6E9F",
    "\u6fdb": "6FDB",
    "\ud84a\udedd": "22ADD",
    "\u5175": "5175",
    "\udb82\udc55": "F0855",
    "\u65cc": "65CC",
    "\u5b9c": "5B9C",
    "\u6cee": "6CEE",
    "\udb82\udc0d": "F080D",
    "\ud85b\udf14": "26F14",
    "\ud847\udcd2": "21CD2",
    "\ud86b\udf61": "2AF61",
    "\ud84a\udcaf": "228AF",
    "\u875f": "875F",
    "\ud86f\udd40": "2BD40",
    "\u5f3a": "5F3A",
    "\u8879": "8879",
    "\ud84b\ude1a": "22E1A",
    "\u570b": "570B",
    "\u6bba": "6BBA",
    "\u9be8": "9BE8",
    "\u9c10": "9C10",
    "\u7532": "7532",
    "\ud874\ude51": "2D251",
    "\u5371": "5371",
    "\ud872\udee4": "2CAE4",
    "\udb82\udc5a": "F085A",
    "\u5c07": "5C07",
    "\u8ecd": "8ECD",
    "\u5f69": "5F69",
    "\ud86a\udc88": "2A888",
    "\u65e8": "65E8",
    "\u51a0": "51A0",
    "\ud850\udf92": "24392",
    "\ud850\ude2a": "2422A",
    "\ud86e\udeb9": "2BAB9",
    "\u5927": "5927",
    "\u8425": "8425",
    "\u58d8": "58D8",
    "\u9283": "9283",
    "\ud859\udedc": "266DC",
    "\u8cde": "8CDE",
    "\udb80\udf41": "F0341",
    "\u697d": "697D",
    "\u8363": "8363",
    "\u5fae": "5FAE",
    "\u5012": "5012",
    "\ud84c\udec0": "232C0",
    "\u7bad": "7BAD",
    "\u5a13": "5A13",
    "\udb80\udc2e": "F002E",
    "\u7cdd": "7CDD",
    "\u69ca": "69CA",
    "\u6574": "6574",
    "\u535a": "535A",
    "\udb82\udc71": "F0871",
    "\u8f45": "8F45",
    "\u8655": "8655",
    "\u5b5a": "5B5A",
    "\ud86c\udf35": "2B335",
    "\ud888\udce4": "320E4",
    "\udb82\udc16": "F0816",
    "\u53c2": "53C2",
    "\u6060": "6060",
    "\ud840\udfa8": "203A8",
    "\ud860\udc4f": "2804F",
    "\ud84f\udfcc": "23FCC",
    "\u6bcd": "6BCD",
    "\u8af8": "8AF8",
    "\u4fd8": "4FD8",
    "\u8de1": "8DE1",
    "\u72af": "72AF",
    "\u56da": "56DA",
    "\udb82\udc18": "F0818",
    "\ud844\udc22": "21022",
    "\u656c": "656C",
    "\ud862\udc33": "28833",
    "\u8520": "8520",
    "\u9811": "9811",
    "\u7406": "7406",
    "\u8f95": "8F95",
    "\u76d1": "76D1",
    "\u4f20": "4F20",
    "\u529b": "529B",
    "\u8421": "8421",
    "\ud86c\udc22": "2B022",
    "\ud884\udc20": "31020",
    "\u8f09": "8F09",
    "\u58f9": "58F9",
    "\u811a": "811A",
    "\ud854\udd2e": "2512E",
    "\ud84a\udf17": "22B17",
    "\ud864\udcb6": "290B6",
    "\ud86a\udfbb": "2ABBB",
    "\u5284": "5284",
    "\u815b": "815B",
    "\u51b5": "51B5",
    "\u626f": "626F",
    "\udb80\udfd3": "F03D3",
    "\u7061": "7061",
    "\ud86e\udc42": "2B842",
    "\u4f55": "4F55",
    "\ud855\udd44": "25544",
    "\ud855\ude87": "25687",
    "\u7c93": "7C93",
    "\u9672": "9672",
    "\u5be1": "5BE1",
    "\ud872\udc79": "2C879",
    "\u4e89": "4E89",
    "\u7015": "7015",
    "\u7e3d": "7E3D",
    "\u7763": "7763",
    "\u81e3": "81E3",
    "\u61b2": "61B2",
    "\u7db8": "7DB8",
    "\u52e6": "52E6",
    "\u8463": "8463",
    "\u9810": "9810",
    "\u3a02": "3A02",
    "\u964d": "964D",
    "\u35c7": "35C7",
    "\u5857": "5857",
    "\u57fa": "57FA",
    "\u6a2a": "6A2A",
    "\u76e7": "76E7",
    "\ud871\uddd4": "2C5D4",
    "\u502b": "502B",
    "\u670b": "670B",
    "\ud84a\udf74": "22B74",
    "\u80b2": "80B2",
    "\udb81\uddab": "F05AB",
    "\ud887\udf47": "31F47",
    "\u5c6f": "5C6F",
    "\u4fe0": "4FE0",
    "\u5a66": "5A66",
    "\u56ca": "56CA",
    "\ud840\udee5": "202E5",
    "\ud841\udca5": "204A5",
    "\u5f97": "5F97",
    "\u5fe0": "5FE0",
    "\ud886\ude4b": "31A4B",
    "\u6e17": "6E17",
    "\u5fb7": "5FB7",
    "\ud866\ude6b": "29A6B",
    "\u4ea5": "4EA5",
    "\u653b": "653B",
    "\u63a5": "63A5",
    "\u4f7f": "4F7F",
    "\u54a2": "54A2",
    "\ud854\ude70": "25270",
    "\u8ba1": "8BA1",
    "\u5f8c": "5F8C",
    "\u88cf": "88CF",
    "\u5cf0": "5CF0",
    "\u6514": "6514",
    "\u53f7": "53F7",
    "\u8f49": "8F49",
    "\ud843\udd91": "20D91",
    "\ud864\udc76": "29076",
    "\udb80\udf92": "F0392",
    "\u58d5": "58D5",
    "\u5843": "5843",
    "\u4e71": "4E71",
    "\ud854\udfcc": "253CC",
    "\u52c7": "52C7",
    "\ud84e\ude30": "23A30",
    "\u9769": "9769",
    "\u5e99": "5E99",
    "\u767e": "767E",
    "\u8a9e": "8A9E",
    "\u6d45": "6D45",
    "\u571f": "571F",
    "\u85c1": "85C1",
    "\u846c": "846C",
    "\u8cc0": "8CC0",
    "\u664f": "664F",
    "\u3cf6": "3CF6",
    "\u87e1": "87E1",
    "\u733f": "733F",
    "\u553f": "553F",
    "\ud853\udd91": "24D91",
    "\u8b5c": "8B5C",
    "\ud85a\udf5f": "26B5F",
    "\u94c1": "94C1",
    "\ud856\ude9e": "25A9E",
    "\u678c": "678C",
    "\u65e9": "65E9",
    "\u64c0": "64C0",
    "\ud885\udd2b": "3152B",
    "\ud888\udd36": "32136",
    "\ud84f\udf2f": "23F2F",
    "\udb82\udc5f": "F085F",
    "\u6f6e": "6F6E",
    "\u7b3a": "7B3A",
    "\u6298": "6298",
    "\udb80\uded6": "F02D6",
    "\ud840\udd3b": "2013B",
    "\u639b": "639B",
    "\ud86c\udf07": "2B307",
    "\u589f": "589F",
    "\u7a33": "7A33",
    "\ud886\udc17": "31817",
    "\ud858\udc0e": "2600E",
    "\ud852\udcbf": "248BF",
    "\u9837": "9837",
    "\u516e": "516E",
    "\ud84a\ude6e": "22A6E",
    "\u90aa": "90AA",
    "\u6deb": "6DEB",
    "\u6551": "6551",
    "\u8f7b": "8F7B",
    "\u6106": "6106",
    "\u51cc": "51CC",
    "\ud856\udfe4": "25BE4",
    "\u68e6": "68E6",
    "\u7b18": "7B18",
    "\u9c7c": "9C7C",
    "\ud857\udf92": "25F92",
    "\u625b": "625B",
    "\ud84f\udd76": "23D76",
    "\ud84b\ude63": "22E63",
    "\u6d0c": "6D0C",
    "\u96d6": "96D6",
    "\ud885\udc29": "31429",
    "\u900f": "900F",
    "\u6c11": "6C11",
    "\u4eab": "4EAB",
    "\u53d7": "53D7",
    "\u8027": "8027",
    "\u53ea": "53EA",
    "\u8606": "8606",
    "\ud870\udc51": "2C051",
    "\udb82\udc74": "F0874",
    "\udb81\udf11": "F0711",
    "\ud870\udd49": "2C149",
    "\u76c8": "76C8",
    "\u71d0": "71D0",
    "\u5eab": "5EAB",
    "\u62e5": "62E5",
    "\u5de6": "5DE6",
    "\u8a3b": "8A3B",
    "\u5680": "5680",
    "\u5a46": "5A46",
    "\u5486": "5486",
    "\u64ab": "64AB",
    "\u5cb9": "5CB9",
    "\u54c4": "54C4",
    "\u647a": "647A",
    "\u74b0": "74B0",
    "\u606f": "606F",
    "\ud84c\udec1": "232C1",
    "\u621e": "621E",
    "\ud85d\udf16": "27716",
    "\ud86c\udefb": "2B2FB",
    "\u8dd9": "8DD9",
    "\u91dd": "91DD",
    "\u517b": "517B",
    "\u3587": "3587",
    "\u6e34": "6E34",
    "\u924b": "924B",
    "\ud850\ude0a": "2420A",
    "\u77e7": "77E7",
    "\u7a88": "7A88",
    "\u7a95": "7A95",
    "\ud853\udcc7": "24CC7",
    "\u7089": "7089",
    "\ud84b\udd3e": "22D3E",
    "\udb80\udd9f": "F019F",
    "\u5c4b": "5C4B",
    "\u95f7": "95F7",
    "\u5bf9": "5BF9",
    "\u79d1": "79D1",
    "\u5872": "5872",
    "\u699c": "699C",
    "\u5468": "5468",
    "\u65cb": "65CB",
    "\u4efb": "4EFB",
    "\u59bb": "59BB",
    "\u900d": "900D",
    "\u9059": "9059",
    "\u5347": "5347",
    "\u5341": "5341",
    "\u575a": "575A",
    "\u75c6": "75C6",
    "\u5ac1": "5AC1",
    "\u59d3": "59D3",
    "\ud844\udfe1": "213E1",
    "\udb82\udc6a": "F086A",
    "\u5782": "5782",
    "\ud883\udfd8": "30FD8",
    "\u840d": "840D",
    "\u4040": "4040",
    "\ud850\udd31": "24131",
    "\udb82\udc28": "F0828",
    "\u6cb1": "6CB1",
    "\ud86b\udc46": "2AC46",
    "\u8a54": "8A54",
    "\u6b3d": "6B3D",
    "\u9812": "9812",
    "\u52c5": "52C5",
    "\u6dee": "6DEE",
    "\u8d74": "8D74",
    "\u4f88": "4F88",
    "\u8cca": "8CCA",
    "\u5efa": "5EFA",
    "\u6d59": "6D59",
    "\u6402": "6402",
    "\u676d": "676D",
    "\u4ea4": "4EA4",
    "\u914b": "914B",
    "\u8a2d": "8A2D",
    "\u6e2d": "6E2D",
    "\ud84c\udd76": "23176",
    "\ud86f\udcf5": "2BCF5",
    "\u83e9": "83E9",
    "\ud888\ude47": "32247",
    "\u51a5": "51A5",
    "\u5c61": "5C61",
    "\u72d0": "72D0",
    "\u6d25": "6D25",
    "\ud888\udd06": "32106",
    "\u8dec": "8DEC",
    "\u5377": "5377",
    "\u6a9c": "6A9C",
    "\u6d1b": "6D1B",
    "\u3d67": "3D67",
    "\ud885\udd09": "31509",
    "\u5538": "5538",
    "\ud886\udc91": "31891",
    "\udb80\udeeb": "F02EB",
    "\ud860\ude5f": "2825F",
    "\u8129": "8129",
    "\u5718": "5718",
    "\ud85a\udd3e": "2693E",
    "\u5713": "5713",
    "\u6a5f": "6A5F",
    "\u908a": "908A",
    "\ud843\udcd6": "20CD6",
    "\udb82\udc59": "F0859",
    "\u6c57": "6C57",
    "\u7e99": "7E99",
    "\ud85a\udc59": "26859",
    "\u4417": "4417",
    "\ud870\uddda": "2C1DA",
    "\ud885\udc55": "31455",
    "\ud887\udd03": "31D03",
    "\ud871\ude7d": "2C67D",
    "\ud850\udc13": "24013",
    "\u83d3": "83D3",
    "\u864e": "864E",
    "\u5ba4": "5BA4",
    "\u8ae7": "8AE7",
    "\udb82\udc76": "F0876",
    "\u57a2": "57A2",
    "\ud886\udcbd": "318BD",
    "\ud886\ude4c": "31A4C",
    "\u7591": "7591",
    "\u745f": "745F",
    "\ud855\ude67": "25667",
    "\u5348": "5348",
    "\u7f8a": "7F8A",
    "\u54a5": "54A5",
    "\udb82\udcc2": "F08C2",
    "\u6746": "6746",
    "\u7441": "7441",
    "\u5e4d": "5E4D",
    "\u5531": "5531",
    "\ud846\udfa8": "21BA8",
    "\udb82\udc60": "F0860",
    "\ud86d\uddc2": "2B5C2",
    "\u80fa": "80FA",
    "\udb82\udc73": "F0873",
    "\ud860\udcd0": "280D0",
    "\ud843\udd0a": "20D0A",
    "\ud871\uded2": "2C6D2",
    "\u6e27": "6E27",
    "\u6062": "6062",
    "\ud861\udc64": "28464",
    "\ud85d\udf53": "27753",
    "\ud870\udc77": "2C077",
    "\u4f86": "4F86",
    "\u5f26": "5F26",
    "\u8774": "8774",
    "\u8776": "8776",
    "\u5944": "5944",
    "\u8700": "8700",
    "\u820d": "820D",
    "\u836b": "836B",
    "\u84dd": "84DD",
    "\u7530": "7530",
    "\u607c": "607C",
    "\u5275": "5275",
    "\u6dd1": "6DD1",
    "\u5fd7": "5FD7",
    "\u68cb": "68CB",
    "\ud840\uddb3": "201B3",
    "\u984d": "984D",
    "\u6334": "6334",
    "\udb82\udc6e": "F086E",
    "\udb82\udc50": "F0850",
    "\u5826": "5826",
    "\u627f": "627F",
    "\u6a1b": "6A1B",
    "\ud885\udda6": "315A6",
    "\u3121": "3121",
    "\u48eB": "48EB"
}