{
    "24F93": "\ud853\udf93",
    "221A5": "\ud848\udda5",
    "25A9D": "\ud856\ude9d",
    "2139D": "\ud844\udf9d",
    "2029B": "\ud840\ude9b",
    "4E9B": "\u4e9b",
    "21982": "\ud846\udd82",
    "624D": "\u624d",
    "8272": "\u8272",
    "7A96": "\u7a96",
    "31EB5": "\ud887\udeb5",
    "F0852": "\udb82\udc52",
    "50E5": "\u50e5",
    "31C47": "\ud887\udc47",
    "6208": "\u6208",
    "8511": "\u8511",
    "5C40": "\u5c40",
    "6CE2": "\u6ce2",
    "6A77": "\u6a77",
    "4ECD": "\u4ecd",
    "8ABF": "\u8abf",
    "2C099": "\ud870\udc99",
    "2784A": "\ud85e\udc4a",
    "340C": "\u340c",
    "24D2C": "\ud853\udd2c",
    "75B8": "\u75b8",
    "226B8": "\ud849\udeb8",
    "2850D": "\ud861\udd0d",
    "4E4B": "\u4e4b",
    "5F7C": "\u5f7c",
    "55C7": "\u55c7",
    "65AF": "\u65af",
    "8C4A": "\u8c4a",
    "215F6": "\ud845\uddf6",
    "6491": "\u6491",
    "6D93": "\u6d93",
    "8C9D": "\u8c9d",
    "267D0": "\ud859\udfd0",
    "7D05": "\u7d05",
    "6253": "\u6253",
    "60AD": "\u60ad",
    "7A3F": "\u7a3f",
    "26E73": "\ud85b\ude73",
    "541D": "\u541d",
    "6355": "\u6355",
    "7567": "\u7567",
    "7551": "\u7551",
    "98A8": "\u98a8",
    "60C5": "\u60c5",
    "56FA": "\u56fa",
    "9304": "\u9304",
    "7FA4": "\u7fa4",
    "50B3": "\u50b3",
    "53F2": "\u53f2",
    "6D6A": "\u6d6a",
    "5609": "\u5609",
    "9756": "\u9756",
    "671D": "\u671d",
    "660E": "\u660e",
    "2629A": "\ud858\ude9a",
    "65B9": "\u65b9",
    "6EC2": "\u6ec2",
    "23F3D": "\ud84f\udf3d",
    "20129": "\ud840\udd29",
    "4EAC": "\u4eac",
    "51ED": "\u51ed",
    "9404": "\u9404",
    "8339": "\u8339",
    "54E1": "\u54e1",
    "5916": "\u5916",
    "6237": "\u6237",
    "738B": "\u738b",
    "5BB6": "\u5bb6",
    "8CC7": "\u8cc7",
    "22A80": "\ud84a\ude80",
    "62F1": "\u62f1",
    "5E38": "\u5e38",
    "581B": "\u581b",
    "4E2D": "\u4e2d",
    "20B20": "\ud842\udf20",
    "31C3A": "\ud887\udc3a",
    "21975": "\ud846\udd75",
    "6B21": "\u6b21",
    "5352": "\u5352",
    "F07B9": "\udb81\udfb9",
    "7D8F": "\u7d8f",
    "23CD4": "\ud84f\udcd4",
    "5112": "\u5112",
    "982D": "\u982d",
    "59B8": "\u59b8",
    "7D20": "\u7d20",
    "5A25": "\u5a25",
    "7FE0": "\u7fe0",
    "7FF9": "\u7ff9",
    "59C9": "\u59c9",
    "36EA": "\u36ea",
    "96F2": "\u96f2",
    "6885": "\u6885",
    "9AA8": "\u9aa8",
    "683C": "\u683c",
    "96EA": "\u96ea",
    "7CBE": "\u7cbe",
    "795E": "\u795e",
    "F04F3": "\udb81\udcf3",
    "2029A": "\ud840\ude9a",
    "28914": "\ud862\udd14",
    "28492": "\ud861\udc92",
    "5206": "\u5206",
    "9662": "\u9662",
    "2B005": "\ud86c\udc05",
    "838A": "\u838a",
    "91CD": "\u91cd",
    "606A": "\u606a",
    "6F59": "\u6f59",
    "59FF": "\u59ff",
    "4E30": "\u4e30",
    "82D4": "\u82d4",
    "2C2A4": "\ud870\udea4",
    "6E7F": "\u6e7f",
    "2734B": "\ud85c\udf4b",
    "26B11": "\ud85a\udf11",
    "56D4": "\u56d4",
    "82B1": "\u82b1",
    "552D": "\u552d",
    "7389": "\u7389",
    "8AAC": "\u8aac",
    "7AEF": "\u7aef",
    "29132": "\ud864\udd32",
    "8A87": "\u8a87",
    "6E03": "\u6e03",
    "3138C": "\ud884\udf8c",
    "8B93": "\u8b93",
    "725F": "\u725f",
    "26744": "\ud859\udf44",
    "7A0D": "\u7a0d",
    "6F2B": "\u6f2b",
    "9EBB": "\u9ebb",
    "82BB": "\u82bb",
    "76AE": "\u76ae",
    "540F": "\u540f",
    "6B23": "\u6b23",
    "9999": "\u9999",
    "79CB": "\u79cb",
    "6C34": "\u6c34",
    "6625": "\u6625",
    "5C71": "\u5c71",
    "6027": "\u6027",
    "8F38": "\u8f38",
    "5BE9": "\u5be9",
    "67F3": "\u67f3",
    "2AB21": "\ud86a\udf21",
    "528D": "\u528d",
    "8FCE": "\u8fce",
    "57CE": "\u57ce",
    "505C": "\u505c",
    "968A": "\u968a",
    "548C": "\u548c",
    "8070": "\u8070",
    "672C": "\u672c",
    "7523": "\u7523",
    "62AB": "\u62ab",
    "82B8": "\u82b8",
    "66F8": "\u66f8",
    "2AF57": "\ud86b\udf57",
    "89A9": "\u89a9",
    "5473": "\u5473",
    "30654": "\ud881\ude54",
    "541F": "\u541f",
    "5BAB": "\u5bab",
    "5546": "\u5546",
    "6F0F": "\u6f0f",
    "2013C": "\ud840\udd3c",
    "97F3": "\u97f3",
    "25886": "\ud856\udc86",
    "54B9": "\u54b9",
    "F0856": "\udb82\udc56",
    "80E1": "\u80e1",
    "7434": "\u7434",
    "5F35": "\u5f35",
    "66F2": "\u66f2",
    "22B23": "\ud84a\udf23",
    "22AD8": "\ud84a\uded8",
    "229DA": "\ud84a\uddda",
    "8154": "\u8154",
    "7BC7": "\u7bc7",
    "8584": "\u8584",
    "201EE": "\ud840\uddee",
    "5F37": "\u5f37",
    "31790": "\ud885\udf90",
    "4EBA": "\u4eba",
    "322C4": "\ud888\udec4",
    "6D41": "\u6d41",
    "7A92": "\u7a92",
    "58A8": "\u58a8",
    "88D9": "\u88d9",
    "6267": "\u6267",
    "9F7F": "\u9f7f",
    "285B2": "\ud861\uddb2",
    "65EC": "\u65ec",
    "53CA": "\u53ca",
    "7B53": "\u7b53",
    "6DF9": "\u6df9",
    "276CB": "\ud85d\udecb",
    "5E33": "\u5e33",
    "22DC0": "\ud84b\uddc0",
    "5E54": "\u5e54",
    "2908F": "\ud864\udc8f",
    "58BB": "\u58bb",
    "6771": "\u6771",
    "8702": "\u8702",
    "27289": "\ud85c\ude89",
    "20AFE": "\ud842\udefe",
    "275F1": "\ud85d\uddf1",
    "9ED8": "\u9ed8",
    "57C3": "\u57c3",
    "2321C": "\ud84c\ude1c",
    "6606": "\u6606",
    "71D5": "\u71d5",
    "8FFB": "\u8ffb",
    "68AD": "\u68ad",
    "97F6": "\u97f6",
    "5149": "\u5149",
    "4E5D": "\u4e5d",
    "F006C": "\udb80\udc6c",
    "264B9": "\ud859\udcb9",
    "2846E": "\ud861\udc6e",
    "26E75": "\ud85b\ude75",
    "21F6B": "\ud847\udf6b",
    "7FA1": "\u7fa1",
    "8E4E": "\u8e4e",
    "632D": "\u632d",
    "68A8": "\u68a8",
    "24F78": "\ud853\udf78",
    "9EDE": "\u9ede",
    "2013D": "\ud840\udd3d",
    "318E9": "\ud886\udce9",
    "6E05": "\u6e05",
    "219F2": "\ud846\uddf2",
    "7BC0": "\u7bc0",
    "20027": "\ud840\udc27",
    "793C": "\u793c",
    "6383": "\u6383",
    "5893": "\u5893",
    "5672": "\u5672",
    "8E0F": "\u8e0f",
    "6674": "\u6674",
    "27D46": "\ud85f\udd46",
    "8CD2": "\u8cd2",
    "5974": "\u5974",
    "31554": "\ud885\udd54",
    "9DA7": "\u9da7",
    "61FA": "\u61fa",
    "6240": "\u6240",
    "6B65": "\u6b65",
    "884C": "\u884c",
    "5236": "\u5236",
    "7FD2": "\u7fd2",
    "8000": "\u8000",
    "5B50": "\u5b50",
    "4F73": "\u4f73",
    "99AD": "\u99ad",
    "8ECA": "\u8eca",
    "5982": "\u5982",
    "8956": "\u8956",
    "22B27": "\ud84a\udf27",
    "886E": "\u886e",
    "6602": "\u6602",
    "5775": "\u5775",
    "57EC": "\u57ec",
    "649F": "\u649f",
    "25FE0": "\ud857\udfe0",
    "2BF58": "\ud86f\udf58",
    "70E3": "\u70e3",
    "6B8B": "\u6b8b",
    "7D19": "\u7d19",
    "60B2": "\u60b2",
    "5315": "\u5315",
    "43FE": "\u43fe",
    "6211": "\u6211",
    "897F": "\u897f",
    "4ED6": "\u4ed6",
    "5F15": "\u5f15",
    "F01F6": "\udb80\uddf6",
    "262E6": "\ud858\udee6",
    "28008": "\ud860\udc08",
    "5BC5": "\u5bc5",
    "8E7A": "\u8e7a",
    "26C1F": "\ud85b\udc1f",
    "5C0F": "\u5c0f",
    "6EAA": "\u6eaa",
    "666F": "\u666f",
    "3779": "\u3779",
    "6365": "\u6365",
    "89E5": "\u89e5",
    "63F2": "\u63f2",
    "6865": "\u6865",
    "21B88": "\ud846\udf88",
    "21CF3": "\ud847\udcf3",
    "5317": "\u5317",
    "9664": "\u9664",
    "57DD": "\u57dd",
    "5766": "\u5766",
    "8FB9": "\u8fb9",
    "5858": "\u5858",
    "6CB9": "\u6cb9",
    "59C5": "\u59c5",
    "7262": "\u7262",
    "4F4E": "\u4f4e",
    "2441C": "\ud851\udc1c",
    "6C38": "\u6c38",
    "9192": "\u9192",
    "52BF": "\u52bf",
    "6255": "\u6255",
    "8CB7": "\u8cb7",
    "6DE1": "\u6de1",
    "4ED9": "\u4ed9",
    "5A18": "\u5a18",
    "610F": "\u610f",
    "521D": "\u521d",
    "5152": "\u5152",
    "540D": "\u540d",
    "6642": "\u6642",
    "8A15": "\u8a15",
    "2B533": "\ud86d\udd33",
    "5109": "\u5109",
    "523C": "\u523c",
    "9854": "\u9854",
    "8499": "\u8499",
    "840C": "\u840c",
    "6F84": "\u6f84",
    "6280": "\u6280",
    "6897": "\u6897",
    "5929": "\u5929",
    "5BA2": "\u5ba2",
    "6275": "\u6275",
    "9060": "\u9060",
    "26591": "\ud859\udd91",
    "F08DD": "\udb82\udcdd",
    "35C2": "\u35c2",
    "5C0B": "\u5c0b",
    "8239": "\u8239",
    "F083C": "\udb82\udc3c",
    "65E6": "\u65e6",
    "5C3C": "\u5c3c",
    "7C2A": "\u7c2a",
    "F070D": "\udb81\udf0d",
    "6DF6": "\u6df6",
    "5305": "\u5305",
    "5F90": "\u5f90",
    "317E6": "\ud885\udfe6",
    "7A7A": "\u7a7a",
    "51B7": "\u51b7",
    "21D2F": "\ud847\udd2f",
    "8A5E": "\u8a5e",
    "2806A": "\ud860\udc6a",
    "31A81": "\ud886\ude81",
    "7018": "\u7018",
    "23ED5": "\ud84f\uded5",
    "54ED": "\u54ed",
    "5606": "\u5606",
    "5764": "\u5764",
    "63A3": "\u63a3",
    "4E8B": "\u4e8b",
    "F07C1": "\udb81\udfc1",
    "7DE3": "\u7de3",
    "95ED": "\u95ed",
    "7E01": "\u7e01",
    "5E84": "\u5e84",
    "21B67": "\ud846\udf67",
    "7D04": "\u7d04",
    "5A04": "\u5a04",
    "7B19": "\u7b19",
    "6444": "\u6444",
    "73E0": "\u73e0",
    "43FD": "\u43fd",
    "8FB2": "\u8fb2",
    "514E": "\u514e",
    "9D76": "\u9d76",
    "659C": "\u659c",
    "27607": "\ud85d\ude07",
    "4E3B": "\u4e3b",
    "548F": "\u548f",
    "20F44": "\ud843\udf44",
    "F0832": "\udb82\udc32",
    "31C4A": "\ud887\udc4a",
    "50B7": "\u50b7",
    "5FC3": "\u5fc3",
    "635D": "\u635d",
    "6C99": "\u6c99",
    "6F6D": "\u6f6d",
    "53F0": "\u53f0",
    "5F39": "\u5f39",
    "31658": "\ud885\ude58",
    "20CD2": "\ud843\udcd2",
    "6CCA": "\u6cca",
    "7D42": "\u7d42",
    "8CA0": "\u8ca0",
    "65C1": "\u65c1",
    "5316": "\u5316",
    "5DE5": "\u5de5",
    "75D7": "\u75d7",
    "914D": "\u914d",
    "5761": "\u5761",
    "24BE8": "\ud852\udfe8",
    "722B": "\u722b",
    "21795": "\ud845\udf95",
    "6CE3": "\u6ce3",
    "268F0": "\ud85a\udcf0",
    "2BD0B": "\ud86f\udd0b",
    "9B54": "\u9b54",
    "2BBF3": "\ud86e\udff3",
    "8287": "\u8287",
    "3775": "\u3775",
    "9CEF": "\u9cef",
    "4E4D": "\u4e4d",
    "9E3E": "\u9e3e",
    "60DC": "\u60dc",
    "7DA0": "\u7da0",
    "8CAA": "\u8caa",
    "51E0": "\u51e0",
    "5151": "\u5151",
    "22647": "\ud849\ude47",
    "528E": "\u528e",
    "25600": "\ud855\ude00",
    "FA24": "\ufa24",
    "2BF7B": "\ud86f\udf7b",
    "F084E": "\udb82\udc4e",
    "240AC": "\ud850\udcac",
    "522B": "\u522b",
    "6731": "\u6731",
    "6797": "\u6797",
    "6EDB": "\u6edb",
    "2D76B": "\ud875\udf6b",
    "62DC": "\u62dc",
    "8607": "\u8607",
    "7ACB": "\u7acb",
    "213A2": "\ud844\udfa2",
    "2C3D3": "\ud870\udfd3",
    "8BF0": "\u8bf0",
    "31702": "\ud885\udf02",
    "317E7": "\ud885\udfe7",
    "7231": "\u7231",
    "2964C": "\ud865\ude4c",
    "56C2": "\u56c2",
    "20E99": "\ud843\ude99",
    "26C24": "\ud85b\udc24",
    "22BF0": "\ud84a\udff0",
    "3A6B": "\u3a6b",
    "200C5": "\ud840\udcc5",
    "62CD": "\u62cd",
    "43E7": "\u43e7",
    "6838": "\u6838",
    "53E5": "\u53e5",
    "97FB": "\u97fb",
    "8FF7": "\u8ff7",
    "28178": "\ud860\udd78",
    "6717": "\u6717",
    "79E6": "\u79e6",
    "8270": "\u8270",
    "F0778": "\udb81\udf78",
    "5862": "\u5862",
    "7A81": "\u7a81",
    "F07BA": "\udb81\udfba",
    "6101": "\u6101",
    "23EC6": "\ud84f\udec6",
    "22BDF": "\ud84a\udfdf",
    "25406": "\ud855\udc06",
    "28C7D": "\ud863\udc7d",
    "9918": "\u9918",
    "771C": "\u771c",
    "20040": "\ud840\udc40",
    "81EA": "\u81ea",
    "8AB2": "\u8ab2",
    "4E10": "\u4e10",
    "6D7D": "\u6d7d",
    "5FF5": "\u5ff5",
    "60F3": "\u60f3",
    "4F53": "\u4f53",
    "5E1D": "\u5e1d",
    "3142C": "\ud885\udc2c",
    "898C": "\u898c",
    "5450": "\u5450",
    "548D": "\u548d",
    "904B": "\u904b",
    "204E8": "\ud841\udce8",
    "82E6": "\u82e6",
    "9670": "\u9670",
    "6C23": "\u6c23",
    "4F32": "\u4f32",
    "57EE": "\u57ee",
    "7B49": "\u7b49",
    "6258": "\u6258",
    "9B44": "\u9b44",
    "2E3A6": "\ud878\udfa6",
    "6613": "\u6613",
    "4E59": "\u4e59",
    "9855": "\u9855",
    "7075": "\u7075",
    "7891": "\u7891",
    "6E1A": "\u6e1a",
    "5438": "\u5438",
    "4739": "\u4739",
    "4E3F": "\u4e3f",
    "9663": "\u9663",
    "6372": "\u6372",
    "65D7": "\u65d7",
    "2398D": "\ud84e\udd8d",
    "6CD1": "\u6cd1",
    "797F": "\u797f",
    "62F8": "\u62f8",
    "31ECC": "\ud887\udecc",
    "205A4": "\ud841\udda4",
    "200E3": "\ud840\udce3",
    "582F": "\u582f",
    "63D0": "\u63d0",
    "24D56": "\ud853\udd56",
    "29302": "\ud864\udf02",
    "66FE": "\u66fe",
    "5370": "\u5370",
    "5C1E": "\u5c1e",
    "4F36": "\u4f36",
    "F061A": "\udb81\ude1a",
    "25686": "\ud855\ude86",
    "4E43": "\u4e43",
    "F07F9": "\udb81\udff9",
    "5B9E": "\u5b9e",
    "8AA0": "\u8aa0",
    "6709": "\u6709",
    "5225": "\u5225",
    "6CE5": "\u6ce5",
    "3140D": "\ud885\udc0d",
    "73FE": "\u73fe",
    "8B1D": "\u8b1d",
    "28061": "\ud860\udc61",
    "6DFB": "\u6dfb",
    "6765": "\u6765",
    "5F98": "\u5f98",
    "5F8A": "\u5f8a",
    "3B72": "\u3b72",
    "6392": "\u6392",
    "53E4": "\u53e4",
    "8A69": "\u8a69",
    "5B55": "\u5b55",
    "22DE3": "\ud84b\udde3",
    "65BC": "\u65bc",
    "6A02": "\u6a02",
    "6587": "\u6587",
    "5F04": "\u5f04",
    "22B7E": "\ud84a\udf7e",
    "53E9": "\u53e9",
    "6C37": "\u6c37",
    "22E42": "\ud84b\ude42",
    "F081E": "\udb82\udc1e",
    "28366": "\ud860\udf66",
    "7E69": "\u7e69",
    "F0643": "\udb81\ude43",
    "24D90": "\ud853\udd90",
    "67D3": "\u67d3",
    "88CA": "\u88ca",
    "2445F": "\ud851\udc5f",
    "7D30": "\u7d30",
    "6558": "\u6558",
    "214C4": "\ud845\udcc4",
    "74CA": "\u74ca",
    "7464": "\u7464",
    "6350": "\u6350",
    "5632": "\u5632",
    "4F9D": "\u4f9d",
    "7D0D": "\u7d0d",
    "539F": "\u539f",
    "6A58": "\u6a58",
    "91D1": "\u91d1",
    "20E1C": "\ud843\ude1c",
    "7E93": "\u7e93",
    "2A90D": "\ud86a\udd0d",
    "5BCC": "\u5bcc",
    "539A": "\u539a",
    "7AE0": "\u7ae0",
    "63D1": "\u63d1",
    "901A": "\u901a",
    "8C8C": "\u8c8c",
    "637D": "\u637d",
    "70BA": "\u70ba",
    "96C5": "\u96c5",
    "8C6A": "\u8c6a",
    "31F63": "\ud887\udf63",
    "51AC": "\u51ac",
    "520E": "\u520e",
    "540C": "\u540c",
    "89AA": "\u89aa",
    "9115": "\u9115",
    "96A3": "\u96a3",
    "9285": "\u9285",
    "96C0": "\u96c0",
    "9396": "\u9396",
    "5A07": "\u5a07",
    "9694": "\u9694",
    "3196F": "\ud886\udd6f",
    "7D69": "\u7d69",
    "6FEB": "\u6feb",
    "5512": "\u5512",
    "5FF1": "\u5ff1",
    "8170": "\u8170",
    "795D": "\u795d",
    "679A": "\u679a",
    "9082": "\u9082",
    "9005": "\u9005",
    "76F8": "\u76f8",
    "9022": "\u9022",
    "59AC": "\u59ac",
    "26CBF": "\ud85b\udcbf",
    "59A5": "\u59a5",
    "843D": "\u843d",
    "83CA": "\u83ca",
    "66FC": "\u66fc",
    "5947": "\u5947",
    "56FD": "\u56fd",
    "5EDB": "\u5edb",
    "5E72": "\u5e72",
    "F07F1": "\udb81\udff1",
    "4FBF": "\u4fbf",
    "22D11": "\ud84b\udd11",
    "3431": "\u3431",
    "F05A2": "\udb81\udda2",
    "76C6": "\u76c6",
    "25298": "\ud854\ude98",
    "6882": "\u6882",
    "5E36": "\u5e36",
    "2412F": "\ud850\udd2f",
    "F0304": "\udb80\udf04",
    "7D72": "\u7d72",
    "27FE8": "\ud85f\udfe8",
    "280F4": "\ud860\udcf4",
    "21D80": "\ud847\udd80",
    "9266": "\u9266",
    "6536": "\u6536",
    "2639B": "\ud858\udf9b",
    "8525": "\u8525",
    "5EE3": "\u5ee3",
    "62DB": "\u62db",
    "75D5": "\u75d5",
    "7BED": "\u7bed",
    "2145D": "\ud845\udc5d",
    "6D77": "\u6d77",
    "68E0": "\u68e0",
    "6261": "\u6261",
    "9130": "\u9130",
    "6E65": "\u6e65",
    "971C": "\u971c",
    "64A9": "\u64a9",
    "9640": "\u9640",
    "F0761": "\udb81\udf61",
    "252F4": "\ud854\udef4",
    "5428": "\u5428",
    "5510": "\u5510",
    "633C": "\u633c",
    "50AC": "\u50ac",
    "7E41": "\u7e41",
    "88DC": "\u88dc",
    "6271": "\u6271",
    "42E6": "\u42e6",
    "52FE": "\u52fe",
    "7D76": "\u7d76",
    "5999": "\u5999",
    "5BD3": "\u5bd3",
    "5F81": "\u5f81",
    "6708": "\u6708",
    "71BE": "\u71be",
    "22B78": "\ud84a\udf78",
    "7BC6": "\u7bc6",
    "71D2": "\u71d2",
    "7387": "\u7387",
    "65B0": "\u65b0",
    "8EAB": "\u8eab",
    "84EE": "\u84ee",
    "8569": "\u8569",
    "2270F": "\ud849\udf0f",
    "564B": "\u564b",
    "20CE8": "\ud843\udce8",
    "20EC0": "\ud843\udec0",
    "6E90": "\u6e90",
    "6843": "\u6843",
    "2BB87": "\ud86e\udf87",
    "8072": "\u8072",
    "F0152": "\udb80\udd52",
    "9952": "\u9952",
    "F085C": "\udb82\udc5c",
    "73ED": "\u73ed",
    "5BD2": "\u5bd2",
    "9621": "\u9621",
    "6C9A": "\u6c9a",
    "2856D": "\ud861\udd6d",
    "4E0B": "\u4e0b",
    "9867": "\u9867",
    "8CDC": "\u8cdc",
    "637B": "\u637b",
    "20CD0": "\ud843\udcd0",
    "5448": "\u5448",
    "6703": "\u6703",
    "8A73": "\u8a73",
    "22F02": "\ud84b\udf02",
    "65AD": "\u65ad",
    "8193": "\u8193",
    "6B27": "\u6b27",
    "679C": "\u679c",
    "56E0": "\u56e0",
    "5171": "\u5171",
    "2B968": "\ud86e\udd68",
    "6162": "\u6162",
    "7B14": "\u7b14",
    "F05BD": "\udb81\uddbd",
    "9818": "\u9818",
    "984C": "\u984c",
    "281DC": "\ud860\udddc",
    "88A9": "\u88a9",
    "2D23F": "\ud874\ude3f",
    "20E26": "\ud843\ude26",
    "F0810": "\udb82\udc10",
    "50F9": "\u50f9",
    "7E61": "\u7e61",
    "53E3": "\u53e3",
    "9326": "\u9326",
    "314A2": "\ud885\udca2",
    "F0742": "\udb81\udf42",
    "96C6": "\u96c6",
    "4E00": "\u4e00",
    "3674": "\u3674",
    "978B": "\u978b",
    "6272": "\u6272",
    "912D": "\u912d",
    "5E45": "\u5e45",
    "750D": "\u750d",
    "5360": "\u5360",
    "4E58": "\u4e58",
    "5509": "\u5509",
    "F085D": "\udb82\udc5d",
    "616E": "\u616e",
    "66F4": "\u66f4",
    "8FE1": "\u8fe1",
    "3D62": "\u3d62",
    "456F": "\u456f",
    "F07C5": "\udb81\udfc5",
    "5095": "\u5095",
    "7B20": "\u7b20",
    "3CE5": "\u3ce5",
    "23F2D": "\ud84f\udf2d",
    "6D9E": "\u6d9e",
    "55A0": "\u55a0",
    "210DA": "\ud844\udcda",
    "20BC7": "\ud842\udfc7",
    "9D49": "\u9d49",
    "8431": "\u8431",
    "79E9": "\u79e9",
    "3A3F": "\u3a3f",
    "9673": "\u9673",
    "6FC1": "\u6fc1",
    "23158": "\ud84c\udd58",
    "F08C0": "\udb82\udcc0",
    "6E44": "\u6e44",
    "8E08": "\u8e08",
    "2C3DD": "\ud870\udfdd",
    "990A": "\u990a",
    "751F": "\u751f",
    "5806": "\u5806",
    "5973": "\u5973",
    "586B": "\u586b",
    "F1241": "\udb84\ude41",
    "213E2": "\ud844\udfe2",
    "250F1": "\ud854\udcf1",
    "61C9": "\u61c9",
    "9023": "\u9023",
    "3142D": "\ud885\udc2d",
    "7B95": "\u7b95",
    "5922": "\u5922",
    "5146": "\u5146",
    "63A8": "\u63a8",
    "20C3A": "\ud843\udc3a",
    "64DA": "\u64da",
    "4FF8": "\u4ff8",
    "8B28": "\u8b28",
    "8040": "\u8040",
    "52F8": "\u52f8",
    "89E7": "\u89e7",
    "9AD8": "\u9ad8",
    "885D": "\u885d",
    "313B9": "\ud884\udfb9",
    "6E58": "\u6e58",
    "7ABB": "\u7abb",
    "77E2": "\u77e2",
    "83BA": "\u83ba",
    "814B": "\u814b",
    "31F50": "\ud887\udf50",
    "28585": "\ud861\udd85",
    "6E8B": "\u6e8b",
    "8ED2": "\u8ed2",
    "64F1": "\u64f1",
    "21B37": "\ud846\udf37",
    "8C9E": "\u8c9e",
    "9000": "\u9000",
    "4E8F": "\u4e8f",
    "523B": "\u523b",
    "8AD6": "\u8ad6",
    "7A3D": "\u7a3d",
    "2B86E": "\ud86e\udc6e",
    "8B39": "\u8b39",
    "2609B": "\ud858\udc9b",
    "26E77": "\ud85b\ude77",
    "6599": "\u6599",
    "920C": "\u920c",
    "254A6": "\ud855\udca6",
    "6EC8": "\u6ec8",
    "22829": "\ud84a\udc29",
    "55F7": "\u55f7",
    "55AD": "\u55ad",
    "550F": "\u550f",
    "9019": "\u9019",
    "7AF9": "\u7af9",
    "75F4": "\u75f4",
    "31805": "\ud886\udc05",
    "6CDB": "\u6cdb",
    "62C2": "\u62c2",
    "2964B": "\ud865\ude4b",
    "2600A": "\ud858\udc0a",
    "8336": "\u8336",
    "4E7E": "\u4e7e",
    "7708": "\u7708",
    "F086C": "\udb82\udc6c",
    "78A9": "\u78a9",
    "24F57": "\ud853\udf57",
    "50BE": "\u50be",
    "225B5": "\ud849\uddb5",
    "9047": "\u9047",
    "500D": "\u500d",
    "79FB": "\u79fb",
    "6728": "\u6728",
    "8351": "\u8351",
    "52FF": "\u52ff",
    "232C2": "\ud84c\udec2",
    "9010": "\u9010",
    "8466": "\u8466",
    "22B6E": "\ud84a\udf6e",
    "85DD": "\u85dd",
    "2B045": "\ud86c\udc45",
    "215CA": "\ud845\uddca",
    "4FB5": "\u4fb5",
    "7BEE": "\u7bee",
    "6A4B": "\u6a4b",
    "56B4": "\u56b4",
    "69D3": "\u69d3",
    "5899": "\u5899",
    "23D13": "\ud84f\udd13",
    "2B6B3": "\ud86d\udeb3",
    "95AD": "\u95ad",
    "8212": "\u8212",
    "6588": "\u6588",
    "20E0D": "\ud843\ude0d",
    "3222B": "\ud888\ude2b",
    "6744": "\u6744",
    "6391": "\u6391",
    "23C86": "\ud84f\udc86",
    "20C29": "\ud843\udc29",
    "9280": "\u9280",
    "690A": "\u690a",
    "25E70": "\ud857\ude70",
    "5433": "\u5433",
    "8D8A": "\u8d8a",
    "5E95": "\u5e95",
    "7C73": "\u7c73",
    "25669": "\ud855\ude69",
    "904A": "\u904a",
    "7A0E": "\u7a0e",
    "894A": "\u894a",
    "518C": "\u518c",
    "627D": "\u627d",
    "254A5": "\ud855\udca5",
    "5E8A": "\u5e8a",
    "2C126": "\ud870\udd26",
    "6D3E": "\u6d3e",
    "22720": "\ud849\udf20",
    "51C6": "\u51c6",
    "7F55": "\u7f55",
    "7CCA": "\u7cca",
    "602F": "\u602f",
    "26443": "\ud859\udc43",
    "6052": "\u6052",
    "21B3C": "\ud846\udf3c",
    "5C01": "\u5c01",
    "2909F": "\ud864\udc9f",
    "5FCD": "\u5fcd",
    "8218": "\u8218",
    "9601": "\u9601",
    "2B8A9": "\ud86e\udca9",
    "5B83": "\u5b83",
    "27DFA": "\ud85f\uddfa",
    "6C9B": "\u6c9b",
    "231DC": "\ud84c\udddc",
    "7F95": "\u7f95",
    "5207": "\u5207",
    "4FC3": "\u4fc3",
    "20BEA": "\ud842\udfea",
    "20D97": "\ud843\udd97",
    "589D": "\u589d",
    "28139": "\ud860\udd39",
    "91F5": "\u91f5",
    "2BF30": "\ud86f\udf30",
    "22B72": "\ud84a\udf72",
    "95FA": "\u95fa",
    "2110E": "\ud844\udd0e",
    "6B50": "\u6b50",
    "5B9D": "\u5b9d",
    "20D20": "\ud843\udd20",
    "5018": "\u5018",
    "6563": "\u6563",
    "6467": "\u6467",
    "F0862": "\udb82\udc62",
    "29D5C": "\ud867\udd5c",
    "F084F": "\udb82\udc4f",
    "5F85": "\u5f85",
    "53AD": "\u53ad",
    "6252": "\u6252",
    "7279": "\u7279",
    "865A": "\u865a",
    "5408": "\u5408",
    "6D66": "\u6d66",
    "5F8B": "\u5f8b",
    "6069": "\u6069",
    "541B": "\u541b",
    "8A6B": "\u8a6b",
    "27D51": "\ud85f\udd51",
    "96BB": "\u96bb",
    "4ED7": "\u4ed7",
    "31ECA": "\ud887\udeca",
    "8F15": "\u8f15",
    "8CA1": "\u8ca1",
    "91CC": "\u91cc",
    "5439": "\u5439",
    "23219": "\ud84c\ude19",
    "4F9E": "\u4f9e",
    "8A08": "\u8a08",
    "5C11": "\u5c11",
    "4EAD": "\u4ead",
    "4F34": "\u4f34",
    "2819D": "\ud860\udd9d",
    "91E7": "\u91e7",
    "5DFE": "\u5dfe",
    "2C5E2": "\ud871\udde2",
    "31874": "\ud886\udc74",
    "63F4": "\u63f4",
    "2809A": "\ud860\udc9a",
    "8164": "\u8164",
    "6012": "\u6012",
    "2425C": "\ud850\ude5c",
    "800C": "\u800c",
    "20DA4": "\ud843\udda4",
    "20F3E": "\ud843\udf3e",
    "3180E": "\ud886\udc0e",
    "20D71": "\ud843\udd71",
    "5076": "\u5076",
    "5C14": "\u5c14",
    "803D": "\u803d",
    "660C": "\u660c",
    "4F75": "\u4f75",
    "298AC": "\ud866\udcac",
    "6697": "\u6697",
    "6539": "\u6539",
    "6339": "\u6339",
    "62B5": "\u62b5",
    "55D4": "\u55d4",
    "81FA": "\u81fa",
    "2441D": "\ud851\udc1d",
    "2B5C1": "\ud86d\uddc1",
    "8CEA": "\u8cea",
    "83F2": "\u83f2",
    "8451": "\u8451",
    "6B3A": "\u6b3a",
    "25FD7": "\ud857\udfd7",
    "5E92": "\u5e92",
    "5728": "\u5728",
    "5A84": "\u5a84",
    "5412": "\u5412",
    "3915": "\u3915",
    "7232": "\u7232",
    "25637": "\ud855\ude37",
    "6562": "\u6562",
    "318BB": "\ud886\udcbb",
    "671F": "\u671f",
    "5BDF": "\u5bdf",
    "2C313": "\ud870\udf13",
    "820C": "\u820c",
    "76CA": "\u76ca",
    "20D0D": "\ud843\udd0d",
    "5498": "\u5498",
    "8012": "\u8012",
    "4ED5": "\u4ed5",
    "6083": "\u6083",
    "2434C": "\ud850\udf4c",
    "8FC7": "\u8fc7",
    "91CF": "\u91cf",
    "51B3": "\u51b3",
    "72F9": "\u72f9",
    "56D8": "\u56d8",
    "529F": "\u529f",
    "5201": "\u5201",
    "320EA": "\ud888\udcea",
    "7980": "\u7980",
    "7531": "\u7531",
    "9063": "\u9063",
    "2AFD2": "\ud86b\udfd2",
    "9852": "\u9852",
    "284E1": "\ud861\udce1",
    "20C1A": "\ud843\udc1a",
    "321C1": "\ud888\uddc1",
    "767B": "\u767b",
    "591A": "\u591a",
    "607E": "\u607e",
    "2E8B6": "\ud87a\udcb6",
    "59CB": "\u59cb",
    "2AB6F": "\ud86a\udf6f",
    "22B42": "\ud84a\udf42",
    "4FE1": "\u4fe1",
    "2AA00": "\ud86a\ude00",
    "25C6C": "\ud857\udc6c",
    "628A": "\u628a",
    "6485": "\u6485",
    "8475": "\u8475",
    "5373": "\u5373",
    "22B2D": "\ud84a\udf2d",
    "54CF": "\u54cf",
    "6F06": "\u6f06",
    "81A0": "\u81a0",
    "20BBF": "\ud842\udfbf",
    "55C3": "\u55c3",
    "508D": "\u508d",
    "31E33": "\ud887\ude33",
    "4E66": "\u4e66",
    "697C": "\u697c",
    "7CA7": "\u7ca7",
    "7568": "\u7568",
    "6B72": "\u6b72",
    "6EF2": "\u6ef2",
    "2400F": "\ud850\udc0f",
    "9B5A": "\u9b5a",
    "6EDD": "\u6edd",
    "26102": "\ud858\udd02",
    "23EC4": "\ud84f\udec4",
    "5176": "\u5176",
    "80FD": "\u80fd",
    "5E97": "\u5e97",
    "845A": "\u845a",
    "65E5": "\u65e5",
    "5802": "\u5802",
    "71B7": "\u71b7",
    "241CA": "\ud850\uddca",
    "895C": "\u895c",
    "535E": "\u535e",
    "24F38": "\ud853\udf38",
    "673A": "\u673a",
    "4F1A": "\u4f1a",
    "73CD": "\u73cd",
    "5F0F": "\u5f0f",
    "2C9D6": "\ud872\uddd6",
    "20C46": "\ud843\udc46",
    "8CAC": "\u8cac",
    "54EC": "\u54ec",
    "20FBF": "\ud843\udfbf",
    "7112": "\u7112",
    "2B94C": "\ud86e\udd4c",
    "366E": "\u366e",
    "6C5D": "\u6c5d",
    "5BFE": "\u5bfe",
    "68EE": "\u68ee",
    "7518": "\u7518",
    "5F0A": "\u5f0a",
    "77E5": "\u77e5",
    "6B46": "\u6b46",
    "54D9": "\u54d9",
    "5047": "\u5047",
    "5984": "\u5984",
    "6477": "\u6477",
    "8D82": "\u8d82",
    "28DD1": "\ud863\uddd1",
    "6D1E": "\u6d1e",
    "679D": "\u679d",
    "309AB": "\ud882\uddab",
    "8A8D": "\u8a8d",
    "9BAE": "\u9bae",
    "842C": "\u842c",
    "798F": "\u798f",
    "55A7": "\u55a7",
    "8058": "\u8058",
    "F04BA": "\udb81\udcba",
    "9858": "\u9858",
    "6848": "\u6848",
    "67B6": "\u67b6",
    "7B52": "\u7b52",
    "5E40": "\u5e40",
    "677E": "\u677e",
    "7136": "\u7136",
    "6251": "\u6251",
    "756B": "\u756b",
    "54C1": "\u54c1",
    "531D": "\u531d",
    "58D9": "\u58d9",
    "8349": "\u8349",
    "5414": "\u5414",
    "5674": "\u5674",
    "4E16": "\u4e16",
    "4FEE": "\u4fee",
    "20AC5": "\ud842\udec5",
    "6EE5": "\u6ee5",
    "2526C": "\ud854\ude6c",
    "5BB9": "\u5bb9",
    "2BF44": "\ud86f\udf44",
    "4F69": "\u4f69",
    "574A": "\u574a",
    "95E8": "\u95e8",
    "272C3": "\ud85c\udec3",
    "56F7": "\u56f7",
    "2BDDC": "\ud86f\udddc",
    "58EB": "\u58eb",
    "767C": "\u767c",
    "6CC4": "\u6cc4",
    "209B3": "\ud842\uddb3",
    "6EA5": "\u6ea5",
    "5B9A": "\u5b9a",
    "52DD": "\u52dd",
    "215C9": "\ud845\uddc9",
    "7D50": "\u7d50",
    "4682": "\u4682",
    "8877": "\u8877",
    "6147": "\u6147",
    "61C3": "\u61c3",
    "85CF": "\u85cf",
    "31529": "\ud885\udd29",
    "76C3": "\u76c3",
    "21C78": "\ud847\udc78",
    "6639": "\u6639",
    "556B": "\u556b",
    "6025": "\u6025",
    "7D17": "\u7d17",
    "317E9": "\ud885\udfe9",
    "5E2D": "\u5e2d",
    "26186": "\ud858\udd86",
    "7D41": "\u7d41",
    "320F2": "\ud888\udcf2",
    "5712": "\u5712",
    "6867": "\u6867",
    "F06CE": "\udb81\udece",
    "8424": "\u8424",
    "5403": "\u5403",
    "52D5": "\u52d5",
    "69D0": "\u69d0",
    "68C3": "\u68c3",
    "5D7F": "\u5d7f",
    "83A2": "\u83a2",
    "68A6": "\u68a6",
    "66E0": "\u66e0",
    "9577": "\u9577",
    "675C": "\u675c",
    "8A34": "\u8a34",
    "9034": "\u9034",
    "881F": "\u881f",
    "7B8B": "\u7b8b",
    "8A93": "\u8a93",
    "29BC0": "\ud866\udfc0",
    "5011": "\u5011",
    "5200": "\u5200",
    "6688": "\u6688",
    "204AC": "\ud841\udcac",
    "4E01": "\u4e01",
    "5BE7": "\u5be7",
    "53CC": "\u53cc",
    "6839": "\u6839",
    "7D0A": "\u7d0a",
    "971E": "\u971e",
    "6F3F": "\u6f3f",
    "5C4F": "\u5c4f",
    "6CAB": "\u6cab",
    "280C9": "\ud860\udcc9",
    "85CD": "\u85cd",
    "2271D": "\ud849\udf1d",
    "904E": "\u904e",
    "8B92": "\u8b92",
    "8449": "\u8449",
    "8D64": "\u8d64",
    "7EF3": "\u7ef3",
    "96B4": "\u96b4",
    "20EF4": "\ud843\udef4",
    "265BB": "\ud859\uddbb",
    "937E": "\u937e",
    "8CCE": "\u8cce",
    "3A22": "\u3a22",
    "7709": "\u7709",
    "21BAE": "\ud846\udfae",
    "51DC": "\u51dc",
    "7533": "\u7533",
    "6B66": "\u6b66",
    "695A": "\u695a",
    "6F22": "\u6f22",
    "6230": "\u6230",
    "5834": "\u5834",
    "9244": "\u9244",
    "6266": "\u6266",
    "53F8": "\u53f8",
    "99AC": "\u99ac",
    "51F0": "\u51f0",
    "6C42": "\u6c42",
    "6028": "\u6028",
    "5EB7": "\u5eb7",
    "9675": "\u9675",
    "2CBA6": "\ud872\udfa6",
    "662D": "\u662d",
    "6200": "\u6200",
    "601D": "\u601d",
    "4CFD": "\u4cfd",
    "319CE": "\ud886\uddce",
    "5BEC": "\u5bec",
    "2B5C4": "\ud86d\uddc4",
    "3570": "\u3570",
    "243E3": "\ud850\udfe3",
    "2438E": "\ud850\udf8e",
    "83EB": "\u83eb",
    "5108": "\u5108",
    "7D06": "\u7d06",
    "200E9": "\ud840\udce9",
    "4532": "\u4532",
    "20F46": "\ud843\udf46",
    "20E7D": "\ud843\ude7d",
    "640A": "\u640a",
    "7C2B": "\u7c2b",
    "9A37": "\u9a37",
    "6081": "\u6081",
    "7C83": "\u7c83",
    "F0723": "\udb81\udf23",
    "21CC3": "\ud847\udcc3",
    "6FC3": "\u6fc3",
    "6F02": "\u6f02",
    "538C": "\u538c",
    "23CEE": "\ud84f\udcee",
    "205B0": "\ud841\uddb0",
    "6B47": "\u6b47",
    "5C3E": "\u5c3e",
    "6736": "\u6736",
    "592D": "\u592d",
    "57A0": "\u57a0",
    "5DE2": "\u5de2",
    "2A004": "\ud868\udc04",
    "5E03": "\u5e03",
    "8346": "\u8346",
    "9053": "\u9053",
    "5F9E": "\u5f9e",
    "592B": "\u592b",
    "25FBE": "\ud857\udfbe",
    "2361B": "\ud84d\ude1b",
    "20F95": "\ud843\udf95",
    "4FB6": "\u4fb6",
    "2B160": "\ud86c\udd60",
    "F07F4": "\udb81\udff4",
    "25724": "\ud855\udf24",
    "F056A": "\udb81\udd6a",
    "22886": "\ud84a\udc86",
    "2AF5D": "\ud86b\udf5d",
    "62BC": "\u62bc",
    "5948": "\u5948",
    "57F9": "\u57f9",
    "6B63": "\u6b63",
    "825A": "\u825a",
    "24055": "\ud850\udc55",
    "3223E": "\ud888\ude3e",
    "67F4": "\u67f4",
    "21266": "\ud844\ude66",
    "7AE5": "\u7ae5",
    "20CDA": "\ud843\udcda",
    "90CE": "\u90ce",
    "53D4": "\u53d4",
    "7236": "\u7236",
    "8F9E": "\u8f9e",
    "5DF4": "\u5df4",
    "65C5": "\u65c5",
    "F02BD": "\udb80\udebd",
    "643A": "\u643a",
    "907C": "\u907c",
    "967D": "\u967d",
    "963B": "\u963b",
    "693F": "\u693f",
    "27988": "\ud85e\udd88",
    "462E": "\u462e",
    "20EF5": "\ud843\udef5",
    "60F6": "\u60f6",
    "8F26": "\u8f26",
    "53D9": "\u53d9",
    "6BCF": "\u6bcf",
    "53EE": "\u53ee",
    "549B": "\u549b",
    "39C5": "\u39c5",
    "64BB": "\u64bb",
    "31806": "\ud886\udc06",
    "7E8F": "\u7e8f",
    "320DF": "\ud888\udcdf",
    "2B1A7": "\ud86c\udda7",
    "31E7B": "\ud887\ude7b",
    "2A7FD": "\ud869\udffd",
    "242F5": "\ud850\udef5",
    "7FC1": "\u7fc1",
    "652F": "\u652f",
    "9149": "\u9149",
    "7BA1": "\u7ba1",
    "23383": "\ud84c\udf83",
    "317A6": "\ud885\udfa6",
    "63DE": "\u63de",
    "9127": "\u9127",
    "8028": "\u8028",
    "978D": "\u978d",
    "22BBF": "\ud84a\udfbf",
    "22EBA": "\ud84b\udeba",
    "5FFF": "\u5fff",
    "5185": "\u5185",
    "9D51": "\u9d51",
    "9D08": "\u9d08",
    "7652": "\u7652",
    "56EC": "\u56ec",
    "554F": "\u554f",
    "66F0": "\u66f0",
    "570D": "\u570d",
    "2430B": "\ud850\udf0b",
    "5353": "\u5353",
    "8CD6": "\u8cd6",
    "58F3": "\u58f3",
    "826E": "\u826e",
    "2D9D9": "\ud876\uddd9",
    "56E2": "\u56e2",
    "58FD": "\u58fd",
    "7009": "\u7009",
    "5DEE": "\u5dee",
    "8859": "\u8859",
    "267F1": "\ud859\udff1",
    "21C69": "\ud847\udc69",
    "2C325": "\ud870\udf25",
    "5466": "\u5466",
    "649D": "\u649d",
    "22B02": "\ud84a\udf02",
    "8001": "\u8001",
    "31C3C": "\ud887\udc3c",
    "8CF4": "\u8cf4",
    "6DF1": "\u6df1",
    "314F2": "\ud885\udcf2",
    "272C6": "\ud85c\udec6",
    "260BE": "\ud858\udcbe",
    "7D75": "\u7d75",
    "57CB": "\u57cb",
    "5716": "\u5716",
    "8EDF": "\u8edf",
    "6CDF": "\u6cdf",
    "25465": "\ud855\udc65",
    "535C": "\u535c",
    "5355": "\u5355",
    "7DD8": "\u7dd8",
    "79F0": "\u79f0",
    "51FA": "\u51fa",
    "5C19": "\u5c19",
    "534A": "\u534a",
    "604D": "\u604d",
    "60DA": "\u60da",
    "5BC3": "\u5bc3",
    "31AB9": "\ud886\udeb9",
    "20E5A": "\ud843\ude5a",
    "35D1": "\u35d1",
    "23217": "\ud84c\ude17",
    "7684": "\u7684",
    "6064": "\u6064",
    "6B98": "\u6b98",
    "6A11": "\u6a11",
    "22AEB": "\ud84a\udeeb",
    "8650": "\u8650",
    "809D": "\u809d",
    "8DEF": "\u8def",
    "51A4": "\u51a4",
    "544C": "\u544c",
    "9177": "\u9177",
    "5BB3": "\u5bb3",
    "94B1": "\u94b1",
    "8089": "\u8089",
    "5168": "\u5168",
    "53D8": "\u53d8",
    "6B0A": "\u6b0a",
    "3176E": "\ud885\udf6e",
    "52AC": "\u52ac",
    "52B3": "\u52b3",
    "5B5D": "\u5b5d",
    "76DF": "\u76df",
    "6210": "\u6210",
    "6C7A": "\u6c7a",
    "59BE": "\u59be",
    "547D": "\u547d",
    "8D16": "\u8d16",
    "2B177": "\ud86c\udd77",
    "5F79": "\u5f79",
    "6148": "\u6148",
    "4E24": "\u4e24",
    "66AB": "\u66ab",
    "4ED8": "\u4ed8",
    "3A5C": "\u3a5c",
    "20E15": "\ud843\ude15",
    "898F": "\u898f",
    "798D": "\u798d",
    "707E": "\u707e",
    "4E0D": "\u4e0d",
    "6B7B": "\u6b7b",
    "96E2": "\u96e2",
    "66F7": "\u66f7",
    "54A4": "\u54a4",
    "2291E": "\ud84a\udd1e",
    "5418": "\u5418",
    "6572": "\u6572",
    "6C94": "\u6c94",
    "5A92": "\u5a92",
    "76E3": "\u76e3",
    "56EF": "\u56ef",
    "7E23": "\u7e23",
    "81E8": "\u81e8",
    "5E74": "\u5e74",
    "64E2": "\u64e2",
    "9B1A": "\u9b1a",
    "2AD5F": "\ud86b\udd5f",
    "4E19": "\u4e19",
    "4F35": "\u4f35",
    "3A33": "\u3a33",
    "8D67": "\u8d67",
    "20C96": "\ud843\udc96",
    "31487": "\ud885\udc87",
    "22D7C": "\ud84b\udd7c",
    "24DCD": "\ud853\uddcd",
    "90FD": "\u90fd",
    "65A4": "\u65a4",
    "6B64": "\u6b64",
    "724C": "\u724c",
    "71F6": "\u71f6",
    "5E73": "\u5e73",
    "96A8": "\u96a8",
    "8FED": "\u8fed",
    "8FE2": "\u8fe2",
    "6478": "\u6478",
    "2A0B2": "\ud868\udcb2",
    "77E3": "\u77e3",
    "5E16": "\u5e16",
    "91C6": "\u91c6",
    "4E8E": "\u4e8e",
    "6B78": "\u6b78",
    "22681": "\ud849\ude81",
    "516C": "\u516c",
    "4E5E": "\u4e5e",
    "2AAB3": "\ud86a\udeb3",
    "251BE": "\ud854\uddbe",
    "275B1": "\ud85d\uddb1",
    "266CC": "\ud859\udecc",
    "9912": "\u9912",
    "6975": "\u6975",
    "8AA3": "\u8aa3",
    "8A17": "\u8a17",
    "65A7": "\u65a7",
    "58AE": "\u58ae",
    "2B3FE": "\ud86c\udffe",
    "5C48": "\u5c48",
    "2AFD9": "\ud86b\udfd9",
    "21A39": "\ud846\ude39",
    "5D6C": "\u5d6c",
    "245D6": "\ud851\uddd6",
    "9DAF": "\u9daf",
    "674E": "\u674e",
    "68DF": "\u68df",
    "9DB4": "\u9db4",
    "640F": "\u640f",
    "316E9": "\ud885\udee9",
    "4E15": "\u4e15",
    "7A98": "\u7a98",
    "7B97": "\u7b97",
    "6EDA": "\u6eda",
    "8A18": "\u8a18",
    "72EC": "\u72ec",
    "5730": "\u5730",
    "650E": "\u650e",
    "6C96": "\u6c96",
    "985B": "\u985b",
    "996C": "\u996c",
    "22A7E": "\ud84a\ude7e",
    "9054": "\u9054",
    "8A1F": "\u8a1f",
    "2D6E3": "\ud875\udee3",
    "661F": "\u661f",
    "8005": "\u8005",
    "5EA6": "\u5ea6",
    "2C862": "\ud872\udc62",
    "788E": "\u788e",
    "7A0B": "\u7a0b",
    "20EDE": "\ud843\udede",
    "55AB": "\u55ab",
    "63DA": "\u63da",
    "71E5": "\u71e5",
    "210F9": "\ud844\udcf9",
    "22A7D": "\ud84a\ude7d",
    "52AB": "\u52ab",
    "518D": "\u518d",
    "584A": "\u584a",
    "8292": "\u8292",
    "6CC9": "\u6cc9",
    "76D8": "\u76d8",
    "70B5": "\u70b5",
    "25428": "\ud855\udc28",
    "9615": "\u9615",
    "700B": "\u700b",
    "20EC3": "\ud843\udec3",
    "67EF": "\u67ef",
    "23DED": "\ud84f\udded",
    "5FD6": "\u5fd6",
    "8A31": "\u8a31",
    "22805": "\ud84a\udc05",
    "20E7E": "\ud843\ude7e",
    "256C9": "\ud855\udec9",
    "2B849": "\ud86e\udc49",
    "9E1E": "\u9e1e",
    "6E48": "\u6e48",
    "2C6B8": "\ud871\udeb8",
    "75C5": "\u75c5",
    "5505": "\u5505",
    "3BA0": "\u3ba0",
    "7269": "\u7269",
    "21890": "\ud846\udc90",
    "7120": "\u7120",
    "31AB5": "\ud886\udeb5",
    "6504": "\u6504",
    "6108": "\u6108",
    "9B42": "\u9b42",
    "84B2": "\u84b2",
    "21E60": "\ud847\ude60",
    "591C": "\u591c",
    "6D12": "\u6d12",
    "231DE": "\ud84c\uddde",
    "2CB99": "\ud872\udf99",
    "611B": "\u611b",
    "5582": "\u5582",
    "207B9": "\ud841\udfb9",
    "919D": "\u919d",
    "5577": "\u5577",
    "F053A": "\udb81\udd3a",
    "6E6F": "\u6e6f",
    "2C7E5": "\ud871\udfe5",
    "5343": "\u5343",
    "5F59": "\u5f59",
    "6CD2": "\u6cd2",
    "615D": "\u615d",
    "29993": "\ud866\udd93",
    "638A": "\u638a",
    "31378": "\ud884\udf78",
    "6C89": "\u6c89",
    "24DF1": "\ud853\uddf1",
    "934A": "\u934a",
    "2263E": "\ud849\ude3e",
    "515C": "\u515c",
    "31B5E": "\ud886\udf5e",
    "20F56": "\ud843\udf56",
    "5357": "\u5357",
    "8F4E": "\u8f4e",
    "7D43": "\u7d43",
    "6F13": "\u6f13",
    "8695": "\u8695",
    "77EF": "\u77ef",
    "6700": "\u6700",
    "28098": "\ud860\udc98",
    "59AF": "\u59af",
    "99D0": "\u99d0",
    "20F36": "\ud843\udf36",
    "8B70": "\u8b70",
    "756A": "\u756a",
    "2C2DF": "\ud870\udedf",
    "2945B": "\ud865\udc5b",
    "8602": "\u8602",
    "22B26": "\ud84a\udf26",
    "F0823": "\udb82\udc23",
    "7ADC": "\u7adc",
    "9752": "\u9752",
    "9632": "\u9632",
    "6F28": "\u6f28",
    "79C0": "\u79c0",
    "9650": "\u9650",
    "92F8": "\u92f8",
    "26CBE": "\ud85b\udcbe",
    "28E08": "\ud863\ude08",
    "5954": "\u5954",
    "7C89": "\u7c89",
    "4F8B": "\u4f8b",
    "22102": "\ud848\udd02",
    "F078C": "\udb81\udf8c",
    "3137A": "\ud884\udf7a",
    "5A75": "\u5a75",
    "5A1F": "\u5a1f",
    "68A9": "\u68a9",
    "536F": "\u536f",
    "62C8": "\u62c8",
    "5A5A": "\u5a5a",
    "542A": "\u542a",
    "5B6B": "\u5b6b",
    "8CB4": "\u8cb4",
    "313EB": "\ud884\udfeb",
    "5229": "\u5229",
    "20C18": "\ud843\udc18",
    "5501": "\u5501",
    "242B0": "\ud850\udeb0",
    "51E1": "\u51e1",
    "6500": "\u6500",
    "67D1": "\u67d1",
    "5C18": "\u5c18",
    "69B4": "\u69b4",
    "26664": "\ud859\ude64",
    "2CDE4": "\ud873\udde4",
    "20F26": "\ud843\udf26",
    "5143": "\u5143",
    "43E2": "\u43e2",
    "9322": "\u9322",
    "6216": "\u6216",
    "8DEA": "\u8dea",
    "7E3B": "\u7e3b",
    "281D2": "\ud860\uddd2",
    "31D38": "\ud887\udd38",
    "24498": "\ud851\udc98",
    "732A": "\u732a",
    "7070": "\u7070",
    "8165": "\u8165",
    "6C61": "\u6c61",
    "60B4": "\u60b4",
    "7B6D": "\u7b6d",
    "65F6": "\u65f6",
    "8FFD": "\u8ffd",
    "77EB": "\u77eb",
    "7D2F": "\u7d2f",
    "4E14": "\u4e14",
    "5605": "\u5605",
    "35DC": "\u35dc",
    "27947": "\ud85e\udd47",
    "516D": "\u516d",
    "5C90": "\u5c90",
    "28012": "\ud860\udc12",
    "2A00A": "\ud868\udc0a",
    "8B66": "\u8b66",
    "282E3": "\ud860\udee3",
    "5C8B": "\u5c8b",
    "21E61": "\ud847\ude61",
    "2892E": "\ud862\udd2e",
    "8CE4": "\u8ce4",
    "F05A7": "\udb81\udda7",
    "51B2": "\u51b2",
    "5415": "\u5415",
    "25C0A": "\ud857\udc0a",
    "2B967": "\ud86e\udd67",
    "5ECA": "\u5eca",
    "59C2": "\u59c2",
    "5991": "\u5991",
    "5F62": "\u5f62",
    "24BE9": "\ud852\udfe9",
    "5749": "\u5749",
    "572D": "\u572d",
    "60B6": "\u60b6",
    "2BF22": "\ud86f\udf22",
    "594F": "\u594f",
    "5462": "\u5462",
    "8981": "\u8981",
    "8304": "\u8304",
    "93AE": "\u93ae",
    "278F3": "\ud85e\udcf3",
    "7B60": "\u7b60",
    "2853E": "\ud861\udd3e",
    "845B": "\u845b",
    "85E4": "\u85e4",
    "22BDC": "\ud84a\udfdc",
    "5189": "\u5189",
    "22596": "\ud849\udd96",
    "9B3C": "\u9b3c",
    "5875": "\u5875",
    "62D4": "\u62d4",
    "6DDA": "\u6dda",
    "8C37": "\u8c37",
    "629B": "\u629b",
    "5CB8": "\u5cb8",
    "6DE8": "\u6de8",
    "23FBA": "\ud84f\udfba",
    "5C64": "\u5c64",
    "78A7": "\u78a7",
    "764B": "\u764b",
    "5F0B": "\u5f0b",
    "8FB0": "\u8fb0",
    "660F": "\u660f",
    "6DC4": "\u6dc4",
    "8EFF": "\u8eff",
    "7C3E": "\u7c3e",
    "8131": "\u8131",
    "22032": "\ud848\udc32",
    "244E2": "\ud851\udce2",
    "5B98": "\u5b98",
    "5723": "\u5723",
    "31964": "\ud886\udd64",
    "5148": "\u5148",
    "5E2B": "\u5e2b",
    "232DA": "\ud84c\udeda",
    "318AD": "\ud886\udcad",
    "5949": "\u5949",
    "59D1": "\u59d1",
    "919C": "\u919c",
    "29D2C": "\ud867\udd2c",
    "20D14": "\ud843\udd14",
    "6DCB": "\u6dcb",
    "20051": "\ud840\udc51",
    "8891": "\u8891",
    "5591": "\u5591",
    "7F52": "\u7f52",
    "211AB": "\ud844\uddab",
    "62E0": "\u62e0",
    "2CE97": "\ud873\ude97",
    "98DF": "\u98df",
    "5BB5": "\u5bb5",
    "706B": "\u706b",
    "270AD": "\ud85c\udcad",
    "8205": "\u8205",
    "F085E": "\udb82\udc5e",
    "91C7": "\u91c7",
    "9589": "\u9589",
    "4E09": "\u4e09",
    "5F6D": "\u5f6d",
    "7DBF": "\u7dbf",
    "4FDD": "\u4fdd",
    "9020": "\u9020",
    "4EC1": "\u4ec1",
    "7DE1": "\u7de1",
    "53E6": "\u53e6",
    "5165": "\u5165",
    "6CD5": "\u6cd5",
    "86A4": "\u86a4",
    "4EC3": "\u4ec3",
    "216D4": "\ud845\uded4",
    "F027A": "\udb80\ude7a",
    "2AB9E": "\ud86a\udf9e",
    "97AD": "\u97ad",
    "2ABAD": "\ud86a\udfad",
    "5B7D": "\u5b7d",
    "7834": "\u7834",
    "212FF": "\ud844\udeff",
    "2347B": "\ud84d\udc7b",
    "5F3C": "\u5f3c",
    "57DF": "\u57df",
    "5272": "\u5272",
    "6714": "\u6714",
    "27F0B": "\ud85f\udf0b",
    "F077A": "\udb81\udf7a",
    "9041": "\u9041",
    "6570": "\u6570",
    "696D": "\u696d",
    "35C5": "\u35c5",
    "76F4": "\u76f4",
    "2A896": "\ud86a\udc96",
    "2107E": "\ud844\udc7e",
    "86EE": "\u86ee",
    "5549": "\u5549",
    "7A31": "\u7a31",
    "7F6A": "\u7f6a",
    "62A5": "\u62a5",
    "21167": "\ud844\udd67",
    "662F": "\u662f",
    "975E": "\u975e",
    "23473": "\ud84d\udc73",
    "21CA4": "\ud847\udca4",
    "5919": "\u5919",
    "59FB": "\u59fb",
    "5664": "\u5664",
    "623E": "\u623e",
    "4EE3": "\u4ee3",
    "9A30": "\u9a30",
    "2439C": "\ud850\udf9c",
    "20FEF": "\ud843\udfef",
    "31428": "\ud885\udc28",
    "31401": "\ud885\udc01",
    "2629B": "\ud858\ude9b",
    "516B": "\u516b",
    "590A": "\u590a",
    "5409": "\u5409",
    "21471": "\ud845\udc71",
    "213E7": "\ud844\udfe7",
    "55D9": "\u55d9",
    "2330B": "\ud84c\udf0b",
    "F0172": "\udb80\udd72",
    "23608": "\ud84d\ude08",
    "6ED1": "\u6ed1",
    "63E8": "\u63e8",
    "7B54": "\u7b54",
    "84EC": "\u84ec",
    "840A": "\u840a",
    "6893": "\u6893",
    "3AAF": "\u3aaf",
    "2CC87": "\ud873\udc87",
    "5E06": "\u5e06",
    "22782": "\ud849\udf82",
    "83AB": "\u83ab",
    "69E3": "\u69e3",
    "6DEC": "\u6dec",
    "8884": "\u8884",
    "8109": "\u8109",
    "537F": "\u537f",
    "985E": "\u985e",
    "6842": "\u6842",
    "674F": "\u674f",
    "6D2A": "\u6d2a",
    "53C8": "\u53c8",
    "4E91": "\u4e91",
    "4E5F": "\u4e5f",
    "49FA": "\u49fa",
    "64CD": "\u64cd",
    "6AC3": "\u6ac3",
    "671B": "\u671b",
    "28ACA": "\ud862\udeca",
    "91D8": "\u91d8",
    "611F": "\u611f",
    "6D19": "\u6d19",
    "6D33": "\u6d33",
    "6D4E": "\u6d4e",
    "23FBC": "\ud84f\udfbc",
    "6DEA": "\u6dea",
    "30BB3": "\ud882\udfb3",
    "9D3B": "\u9d3b",
    "5FA9": "\u5fa9",
    "6614": "\u6614",
    "620C": "\u620c",
    "68F1": "\u68f1",
    "22BE6": "\ud84a\udfe6",
    "8E65": "\u8e65",
    "5D07": "\u5d07",
    "60EE": "\u60ee",
    "6BB5": "\u6bb5",
    "2E977": "\ud87a\udd77",
    "92C9": "\u92c9",
    "20E2C": "\ud843\ude2c",
    "50E3": "\u50e3",
    "5783": "\u5783",
    "5065": "\u5065",
    "281CD": "\ud860\uddcd",
    "65AB": "\u65ab",
    "593E": "\u593e",
    "43D5": "\u43d5",
    "8DE4": "\u8de4",
    "213E6": "\ud844\udfe6",
    "23603": "\ud84d\ude03",
    "21DA8": "\ud847\udda8",
    "8FA3": "\u8fa3",
    "20CD7": "\ud843\udcd7",
    "6751": "\u6751",
    "96C9": "\u96c9",
    "7DB1": "\u7db1",
    "99ED": "\u99ed",
    "7D2B": "\u7d2b",
    "215CB": "\ud845\uddcb",
    "24887": "\ud852\udc87",
    "901F": "\u901f",
    "2C185": "\ud870\udd85",
    "313F5": "\ud884\udff5",
    "67E5": "\u67e5",
    "62C9": "\u62c9",
    "54C9": "\u54c9",
    "27E81": "\ud85f\ude81",
    "9996": "\u9996",
    "8179": "\u8179",
    "61C7": "\u61c7",
    "688F": "\u688f",
    "27416": "\ud85d\udc16",
    "58C8": "\u58c8",
    "21B8D": "\ud846\udf8d",
    "767D": "\u767d",
    "7960": "\u7960",
    "4F9B": "\u4f9b",
    "26818": "\ud85a\udc18",
    "9813": "\u9813",
    "5B0C": "\u5b0c",
    "20F2F": "\ud843\udf2f",
    "58AB": "\u58ab",
    "8299": "\u8299",
    "84C9": "\u84c9",
    "62D6": "\u62d6",
    "7528": "\u7528",
    "20B64": "\ud842\udf64",
    "537D": "\u537d",
    "96AA": "\u96aa",
    "6E87": "\u6e87",
    "6A21": "\u6a21",
    "5639": "\u5639",
    "54F0": "\u54f0",
    "55A5": "\u55a5",
    "7737": "\u7737",
    "2BAF5": "\ud86e\udef5",
    "2A854": "\ud86a\udc54",
    "54B6": "\u54b6",
    "5652": "\u5652",
    "6043": "\u6043",
    "4E95": "\u4e95",
    "210CD": "\ud844\udccd",
    "826F": "\u826f",
    "550B": "\u550b",
    "281A2": "\ud860\udda2",
    "6D21": "\u6d21",
    "773E": "\u773e",
    "20C4B": "\ud843\udc4b",
    "552A": "\u552a",
    "24B78": "\ud852\udf78",
    "5432": "\u5432",
    "3578": "\u3578",
    "5C5E": "\u5c5e",
    "9445": "\u9445",
    "2C65E": "\ud871\ude5e",
    "7CC1": "\u7cc1",
    "317CE": "\ud885\udfce",
    "5431": "\u5431",
    "654F": "\u654f",
    "6773": "\u6773",
    "2C8B1": "\ud872\udcb1",
    "20E73": "\ud843\ude73",
    "6A01": "\u6a01",
    "6C54": "\u6c54",
    "64E7": "\u64e7",
    "95A3": "\u95a3",
    "623F": "\u623f",
    "635B": "\u635b",
    "2D4C7": "\ud875\udcc7",
    "2BD47": "\ud86f\udd47",
    "5B8B": "\u5b8b",
    "28887": "\ud862\udc87",
    "4F5C": "\u4f5c",
    "21A0C": "\ud846\ude0c",
    "78FE": "\u78fe",
    "590F": "\u590f",
    "5077": "\u5077",
    "26627": "\ud859\ude27",
    "7439": "\u7439",
    "5539": "\u5539",
    "F0863": "\udb82\udc63",
    "6425": "\u6425",
    "242FE": "\ud850\udefe",
    "22D0D": "\ud84b\udd0d",
    "62D9": "\u62d9",
    "3197A": "\ud886\udd7a",
    "22BCF": "\ud84a\udfcf",
    "5C08": "\u5c08",
    "4995": "\u4995",
    "28EEB": "\ud863\udeeb",
    "5B87": "\u5b87",
    "9EC4": "\u9ec4",
    "53D5": "\u53d5",
    "8FB1": "\u8fb1",
    "675F": "\u675f",
    "932B": "\u932b",
    "5DDE": "\u5dde",
    "21FB5": "\ud847\udfb5",
    "9B41": "\u9b41",
    "6155": "\u6155",
    "8513": "\u8513",
    "F086F": "\udb82\udc6f",
    "58F0": "\u58f0",
    "69FE": "\u69fe",
    "6190": "\u6190",
    "64DB": "\u64db",
    "74E2": "\u74e2",
    "7BE4": "\u7be4",
    "6609": "\u6609",
    "75B2": "\u75b2",
    "6B61": "\u6b61",
    "22EA4": "\ud84b\udea4",
    "22B22": "\ud84a\udf22",
    "54CE": "\u54ce",
    "313E6": "\ud884\udfe6",
    "24376": "\ud850\udf76",
    "F0866": "\udb82\udc66",
    "7259": "\u7259",
    "5EA7": "\u5ea7",
    "504F": "\u504f",
    "360B": "\u360b",
    "8C82": "\u8c82",
    "76CE": "\u76ce",
    "7D46": "\u7d46",
    "9332": "\u9332",
    "79BB": "\u79bb",
    "230F2": "\ud84c\udcf2",
    "22C9B": "\ud84b\udc9b",
    "3D16": "\u3d16",
    "5A36": "\u5a36",
    "62EB": "\u62eb",
    "90A3": "\u90a3",
    "2A9DA": "\ud86a\uddda",
    "59EE": "\u59ee",
    "6F54": "\u6f54",
    "F03DF": "\udb80\udfdf",
    "5B64": "\u5b64",
    "8345": "\u8345",
    "7345": "\u7345",
    "F05B7": "\udb81\uddb7",
    "54AE": "\u54ae",
    "24D7A": "\ud853\udd7a",
    "F0348": "\udb80\udf48",
    "6307": "\u6307",
    "51C9": "\u51c9",
    "27FEB": "\ud85f\udfeb",
    "63D2": "\u63d2",
    "7F72": "\u7f72",
    "6471": "\u6471",
    "6B77": "\u6b77",
    "79C1": "\u79c1",
    "68A7": "\u68a7",
    "22AD4": "\ud84a\uded4",
    "213D8": "\ud844\udfd8",
    "6254": "\u6254",
    "25C70": "\ud857\udc70",
    "7576": "\u7576",
    "96F7": "\u96f7",
    "8FA8": "\u8fa8",
    "8A13": "\u8a13",
    "29190": "\ud864\udd90",
    "29130": "\ud864\udd30",
    "923D": "\u923d",
    "9410": "\u9410",
    "22AA0": "\ud84a\udea0",
    "544A": "\u544a",
    "813E": "\u813e",
    "5E9C": "\u5e9c",
    "7968": "\u7968",
    "F053F": "\udb81\udd3f",
    "5A01": "\u5a01",
    "8CB8": "\u8cb8",
    "72C0": "\u72c0",
    "5B89": "\u5b89",
    "7167": "\u7167",
    "52A0": "\u52a0",
    "5211": "\u5211",
    "F0513": "\udb81\udd13",
    "9706": "\u9706",
    "7261": "\u7261",
    "4E39": "\u4e39",
    "F037E": "\udb80\udf7e",
    "24DC4": "\ud853\uddc4",
    "77D1": "\u77d1",
    "F0440": "\udb81\udc40",
    "20C9F": "\ud843\udc9f",
    "21CEA": "\ud847\udcea",
    "89E3": "\u89e3",
    "6D61": "\u6d61",
    "786F": "\u786f",
    "67B7": "\u67b7",
    "62EE": "\u62ee",
    "6279": "\u6279",
    "76DB": "\u76db",
    "5442": "\u5442",
    "28927": "\ud862\udd27",
    "5EAD": "\u5ead",
    "9F13": "\u9f13",
    "821E": "\u821e",
    "60E0": "\u60e0",
    "8344": "\u8344",
    "20E1F": "\ud843\ude1f",
    "23190": "\ud84c\udd90",
    "4E87": "\u4e87",
    "85DF": "\u85df",
    "7CDF": "\u7cdf",
    "7CE0": "\u7ce0",
    "6C81": "\u6c81",
    "2603E": "\ud858\udc3e",
    "80E3": "\u80e3",
    "620E": "\u620e",
    "6D88": "\u6d88",
    "8017": "\u8017",
    "228B2": "\ud84a\udcb2",
    "2D530": "\ud875\udd30",
    "20D17": "\ud843\udd17",
    "56DE": "\u56de",
    "88DD": "\u88dd",
    "204C7": "\ud841\udcc7",
    "5B81": "\u5b81",
    "8DF5": "\u8df5",
    "6CB3": "\u6cb3",
    "81EF": "\u81ef",
    "5E26": "\u5e26",
    "694A": "\u694a",
    "5480": "\u5480",
    "852D": "\u852d",
    "2602B": "\ud858\udc2b",
    "4F96": "\u4f96",
    "20BC6": "\ud842\udfc6",
    "296F7": "\ud865\udef7",
    "888D": "\u888d",
    "318C3": "\ud886\udcc3",
    "7430": "\u7430",
    "F08DF": "\udb82\udcdf",
    "8958": "\u8958",
    "8093": "\u8093",
    "5BA6": "\u5ba6",
    "90E8": "\u90e8",
    "59D0": "\u59d0",
    "9806": "\u9806",
    "2613E": "\ud858\udd3e",
    "20EC6": "\ud843\udec6",
    "F0803": "\udb82\udc03",
    "2C3B8": "\ud870\udfb8",
    "F10D9": "\udb84\udcd9",
    "225FC": "\ud849\uddfc",
    "8706": "\u8706",
    "62EF": "\u62ef",
    "773C": "\u773c",
    "524D": "\u524d",
    "677F": "\u677f",
    "2BAD7": "\ud86e\uded7",
    "2D048": "\ud874\udc48",
    "20032": "\ud840\udc32",
    "F0857": "\udb82\udc57",
    "2A635": "\ud869\ude35",
    "23309": "\ud84c\udf09",
    "232FD": "\ud84c\udefd",
    "6684": "\u6684",
    "F06B7": "\udb81\udeb7",
    "6D17": "\u6d17",
    "21BB3": "\ud846\udfb3",
    "8003": "\u8003",
    "9091": "\u9091",
    "936E": "\u936e",
    "F08C1": "\udb82\udcc1",
    "6D82": "\u6d82",
    "7D71": "\u7d71",
    "8ACB": "\u8acb",
    "84F4": "\u84f4",
    "4C5B": "\u4c5b",
    "6C6B": "\u6c6b",
    "6C5F": "\u6c5f",
    "6E56": "\u6e56",
    "585E": "\u585e",
    "52D9": "\u52d9",
    "4E73": "\u4e73",
    "6668": "\u6668",
    "78CB": "\u78cb",
    "22DA2": "\ud84b\udda2",
    "6068": "\u6068",
    "24D2A": "\ud853\udd2a",
    "252D3": "\ud854\uded3",
    "8B00": "\u8b00",
    "F0865": "\udb82\udc65",
    "7E80": "\u7e80",
    "24EFB": "\ud853\udefb",
    "F03E4": "\udb80\udfe4",
    "6044": "\u6044",
    "72AC": "\u72ac",
    "9DF9": "\u9df9",
    "2AB99": "\ud86a\udf99",
    "68CD": "\u68cd",
    "5404": "\u5404",
    "23DF7": "\ud84f\uddf7",
    "6851": "\u6851",
    "20BBE": "\ud842\udfbe",
    "88F4": "\u88f4",
    "29158": "\ud864\udd58",
    "6795": "\u6795",
    "26F1C": "\ud85b\udf1c",
    "31FA5": "\ud887\udfa5",
    "6309": "\u6309",
    "7F3A": "\u7f3a",
    "27EED": "\ud85f\udeed",
    "203AA": "\ud840\udfaa",
    "60E1": "\u60e1",
    "938C": "\u938c",
    "5931": "\u5931",
    "27FC6": "\ud85f\udfc6",
    "313FA": "\ud884\udffa",
    "5C4D": "\u5c4d",
    "7121": "\u7121",
    "84D3": "\u84d3",
    "9690": "\u9690",
    "2398E": "\ud84e\udd8e",
    "5D69": "\u5d69",
    "31FC8": "\ud887\udfc8",
    "70AD": "\u70ad",
    "2421C": "\ud850\ude1c",
    "907A": "\u907a",
    "9AB8": "\u9ab8",
    "6287": "\u6287",
    "887E": "\u887e",
    "6B5B": "\u6b5b",
    "658E": "\u658e",
    "9678": "\u9678",
    "4F4D": "\u4f4d",
    "870D": "\u870d",
    "7169": "\u7169",
    "8A23": "\u8a23",
    "60E8": "\u60e8",
    "228E7": "\ud84a\udce7",
    "2248E": "\ud849\udc8e",
    "7B26": "\u7b26",
    "26936": "\ud85a\udd36",
    "7384": "\u7384",
    "771F": "\u771f",
    "4F0F": "\u4f0f",
    "51C8": "\u51c8",
    "212A8": "\ud844\udea8",
    "29218": "\ud864\ude18",
    "5BAE": "\u5bae",
    "96BE": "\u96be",
    "5DDD": "\u5ddd",
    "7344": "\u7344",
    "9593": "\u9593",
    "62C5": "\u62c5",
    "8011": "\u8011",
    "6E21": "\u6e21",
    "31460": "\ud885\udc60",
    "6881": "\u6881",
    "5FAC": "\u5fac",
    "5FA8": "\u5fa8",
    "4FAF": "\u4faf",
    "4E86": "\u4e86",
    "9B1F": "\u9b1f",
    "6BDB": "\u6bdb",
    "252F7": "\ud854\udef7",
    "2C589": "\ud871\udd89",
    "572F": "\u572f",
    "5BB0": "\u5bb0",
    "243E7": "\ud850\udfe7",
    "4E03": "\u4e03",
    "20D1B": "\ud843\udd1b",
    "314B5": "\ud885\udcb5",
    "F0854": "\udb82\udc54",
    "5584": "\u5584",
    "732B": "\u732b",
    "2A0AE": "\ud868\udcae",
    "7E31": "\u7e31",
    "780C": "\u780c",
    "F006D": "\udb80\udc6d",
    "35A1": "\u35a1",
    "98ED": "\u98ed",
    "269D8": "\ud85a\uddd8",
    "4F8D": "\u4f8d",
    "8863": "\u8863",
    "23E58": "\ud84f\ude58",
    "28A32": "\ud862\ude32",
    "597D": "\u597d",
    "58C1": "\u58c1",
    "2B1F0": "\ud86c\uddf0",
    "25B8A": "\ud856\udf8a",
    "6EC7": "\u6ec7",
    "296C2": "\ud865\udec2",
    "6853": "\u6853",
    "F01FF": "\udb80\uddff",
    "50B5": "\u50b5",
    "5019": "\u5019",
    "5535": "\u5535",
    "5475": "\u5475",
    "54B1": "\u54b1",
    "F025A": "\udb80\ude5a",
    "3152A": "\ud885\udd2a",
    "316A4": "\ud885\udea4",
    "5203": "\u5203",
    "6545": "\u6545",
    "9D1B": "\u9d1b",
    "26B52": "\ud85a\udf52",
    "8FCD": "\u8fcd",
    "7F85": "\u7f85",
    "2800A": "\ud860\udc0a",
    "2421B": "\ud850\ude1b",
    "2B4A5": "\ud86d\udca5",
    "5660": "\u5660",
    "5CA9": "\u5ca9",
    "23A42": "\ud84e\ude42",
    "87F3": "\u87f3",
    "F0782": "\udb81\udf82",
    "F1D32": "\udb87\udd32",
    "670D": "\u670d",
    "965F": "\u965f",
    "21D46": "\ud847\udd46",
    "9162": "\u9162",
    "916C": "\u916c",
    "690D": "\u690d",
    "6301": "\u6301",
    "58FC": "\u58fc",
    "5C3D": "\u5c3d",
    "22629": "\ud849\ude29",
    "20BE6": "\ud842\udfe6",
    "20D86": "\ud843\udd86",
    "4E38": "\u4e38",
    "7248": "\u7248",
    "5472": "\u5472",
    "5524": "\u5524",
    "75FA": "\u75fa",
    "84C6": "\u84c6",
    "6850": "\u6850",
    "26D5A": "\ud85b\udd5a",
    "29834": "\ud866\udc34",
    "20F47": "\ud843\udf47",
    "2C412": "\ud871\udc12",
    "27370": "\ud85c\udf70",
    "22759": "\ud849\udf59",
    "24257": "\ud850\ude57",
    "9418": "\u9418",
    "22A8A": "\ud84a\ude8a",
    "21BB6": "\ud846\udfb6",
    "73E5": "\u73e5",
    "82DD": "\u82dd",
    "501A": "\u501a",
    "2C449": "\ud871\udc49",
    "843E": "\u843e",
    "5FCC": "\u5fcc",
    "85A9": "\u85a9",
    "80DE": "\u80de",
    "F0875": "\udb82\udc75",
    "54FA": "\u54fa",
    "9763": "\u9763",
    "F03D9": "\udb80\udfd9",
    "2202D": "\ud848\udc2d",
    "22028": "\ud848\udc28",
    "6A39": "\u6a39",
    "745A": "\u745a",
    "53A8": "\u53a8",
    "8AA6": "\u8aa6",
    "7ECF": "\u7ecf",
    "4E94": "\u4e94",
    "F0861": "\udb82\udc61",
    "2B88B": "\ud86e\udc8b",
    "7688": "\u7688",
    "6212": "\u6212",
    "8888": "\u8888",
    "88DF": "\u88df",
    "6FEF": "\u6fef",
    "228C3": "\ud84a\udcc3",
    "6D03": "\u6d03",
    "92EA": "\u92ea",
    "624B": "\u624b",
    "5B57": "\u5b57",
    "3628": "\u3628",
    "24395": "\ud850\udf95",
    "23669": "\ud84d\ude69",
    "2363D": "\ud84d\ude3d",
    "7985": "\u7985",
    "42E5": "\u42e5",
    "20E02": "\ud843\ude02",
    "95EE": "\u95ee",
    "667A": "\u667a",
    "5B97": "\u5b97",
    "323A9": "\ud888\udfa9",
    "6822": "\u6822",
    "6FE4": "\u6fe4",
    "20E74": "\ud843\ude74",
    "20D94": "\ud843\udd94",
    "6DCE": "\u6dce",
    "2918B": "\ud864\udd8b",
    "F043B": "\udb81\udc3b",
    "2CC84": "\ud873\udc84",
    "8186": "\u8186",
    "8482": "\u8482",
    "2B0F8": "\ud86c\udcf8",
    "5A62": "\u5a62",
    "31976": "\ud886\udd76",
    "7D93": "\u7d93",
    "2C9FA": "\ud872\uddfa",
    "23E55": "\ud84f\ude55",
    "9F4B": "\u9f4b",
    "5D14": "\u5d14",
    "62AA": "\u62aa",
    "8CCD": "\u8ccd",
    "69D4": "\u69d4",
    "2CE78": "\ud873\ude78",
    "6ED5": "\u6ed5",
    "2BEB6": "\ud86f\udeb6",
    "2B437": "\ud86d\udc37",
    "247BB": "\ud851\udfbb",
    "6BD2": "\u6bd2",
    "272FB": "\ud85c\udefb",
    "6A14": "\u6a14",
    "6CE0": "\u6ce0",
    "6C40": "\u6c40",
    "28AAA": "\ud862\udeaa",
    "2A520": "\ud869\udd20",
    "291AA": "\ud864\uddaa",
    "983D": "\u983d",
    "2434E": "\ud850\udf4e",
    "5EB5": "\u5eb5",
    "22C57": "\ud84b\udc57",
    "4F4F": "\u4f4f",
    "2E5D3": "\ud879\uddd3",
    "2B15C": "\ud86c\udd5c",
    "23D72": "\ud84f\udd72",
    "5144": "\u5144",
    "9762": "\u9762",
    "732E": "\u732e",
    "78EC": "\u78ec",
    "4768": "\u4768",
    "5F92": "\u5f92",
    "3641": "\u3641",
    "26BEC": "\ud85a\udfec",
    "5048": "\u5048",
    "245F9": "\ud851\uddf9",
    "6311": "\u6311",
    "23596": "\ud84d\udd96",
    "6167": "\u6167",
    "4F60": "\u4f60",
    "4F3D": "\u4f3d",
    "9821": "\u9821",
    "5BE6": "\u5be6",
    "23380": "\ud84c\udf80",
    "8AA8": "\u8aa8",
    "20829": "\ud842\udc29",
    "9B2A": "\u9b2a",
    "78CA": "\u78ca",
    "4F24": "\u4f24",
    "213A5": "\ud844\udfa5",
    "559D": "\u559d",
    "7FE5": "\u7fe5",
    "7956": "\u7956",
    "9580": "\u9580",
    "32070": "\ud888\udc70",
    "F086D": "\udb82\udc6d",
    "550E": "\u550e",
    "F0868": "\udb82\udc68",
    "20C9D": "\ud843\udc9d",
    "51F6": "\u51f6",
    "4E0E": "\u4e0e",
    "8CAF": "\u8caf",
    "5016": "\u5016",
    "21959": "\ud846\udd59",
    "621A": "\u621a",
    "26690": "\ud859\ude90",
    "2230C": "\ud848\udf0c",
    "5F2F": "\u5f2f",
    "5F13": "\u5f13",
    "78D0": "\u78d0",
    "236E0": "\ud84d\udee0",
    "7A79": "\u7a79",
    "8A3C": "\u8a3c",
    "6029": "\u6029",
    "4EE4": "\u4ee4",
    "6289": "\u6289",
    "968D": "\u968d",
    "F13F9": "\udb84\udff9",
    "3180D": "\ud886\udc0d",
    "20F94": "\ud843\udf94",
    "9AD9": "\u9ad9",
    "28509": "\ud861\udd09",
    "2B0DA": "\ud86c\udcda",
    "77FE": "\u77fe",
    "6E53": "\u6e53",
    "921E": "\u921e",
    "80A3": "\u80a3",
    "62F3": "\u62f3",
    "97DC": "\u97dc",
    "2005F": "\ud840\udc5f",
    "8DA3": "\u8da3",
    "6D58": "\u6d58",
    "6389": "\u6389",
    "25181": "\ud854\udd81",
    "80C6": "\u80c6",
    "6C95": "\u6c95",
    "F0829": "\udb82\udc29",
    "212B1": "\ud844\udeb1",
    "70AA": "\u70aa",
    "71AF": "\u71af",
    "6338": "\u6338",
    "5023": "\u5023",
    "664B": "\u664b",
    "54AD": "\u54ad",
    "5DF1": "\u5df1",
    "99DF": "\u99df",
    "6295": "\u6295",
    "9084": "\u9084",
    "2B52E": "\ud86d\udd2e",
    "24CC6": "\ud853\udcc6",
    "2C67E": "\ud871\ude7e",
    "9A0E": "\u9a0e",
    "273F5": "\ud85c\udff5",
    "4E08": "\u4e08",
    "6E9F": "\u6e9f",
    "6FDB": "\u6fdb",
    "22ADD": "\ud84a\udedd",
    "5175": "\u5175",
    "F0855": "\udb82\udc55",
    "65CC": "\u65cc",
    "5B9C": "\u5b9c",
    "6CEE": "\u6cee",
    "F080D": "\udb82\udc0d",
    "26F14": "\ud85b\udf14",
    "21CD2": "\ud847\udcd2",
    "2AF61": "\ud86b\udf61",
    "228AF": "\ud84a\udcaf",
    "875F": "\u875f",
    "2BD40": "\ud86f\udd40",
    "5F3A": "\u5f3a",
    "8879": "\u8879",
    "22E1A": "\ud84b\ude1a",
    "570B": "\u570b",
    "6BBA": "\u6bba",
    "9BE8": "\u9be8",
    "9C10": "\u9c10",
    "7532": "\u7532",
    "2D251": "\ud874\ude51",
    "5371": "\u5371",
    "2CAE4": "\ud872\udee4",
    "F085A": "\udb82\udc5a",
    "5C07": "\u5c07",
    "8ECD": "\u8ecd",
    "5F69": "\u5f69",
    "2A888": "\ud86a\udc88",
    "65E8": "\u65e8",
    "51A0": "\u51a0",
    "24392": "\ud850\udf92",
    "2422A": "\ud850\ude2a",
    "2BAB9": "\ud86e\udeb9",
    "5927": "\u5927",
    "8425": "\u8425",
    "58D8": "\u58d8",
    "9283": "\u9283",
    "266DC": "\ud859\udedc",
    "8CDE": "\u8cde",
    "F0341": "\udb80\udf41",
    "697D": "\u697d",
    "8363": "\u8363",
    "5FAE": "\u5fae",
    "5012": "\u5012",
    "232C0": "\ud84c\udec0",
    "7BAD": "\u7bad",
    "5A13": "\u5a13",
    "F002E": "\udb80\udc2e",
    "7CDD": "\u7cdd",
    "69CA": "\u69ca",
    "6574": "\u6574",
    "535A": "\u535a",
    "F0871": "\udb82\udc71",
    "8F45": "\u8f45",
    "8655": "\u8655",
    "5B5A": "\u5b5a",
    "2B335": "\ud86c\udf35",
    "320E4": "\ud888\udce4",
    "F0816": "\udb82\udc16",
    "53C2": "\u53c2",
    "6060": "\u6060",
    "203A8": "\ud840\udfa8",
    "2804F": "\ud860\udc4f",
    "23FCC": "\ud84f\udfcc",
    "6BCD": "\u6bcd",
    "8AF8": "\u8af8",
    "4FD8": "\u4fd8",
    "8DE1": "\u8de1",
    "72AF": "\u72af",
    "56DA": "\u56da",
    "F0818": "\udb82\udc18",
    "21022": "\ud844\udc22",
    "656C": "\u656c",
    "28833": "\ud862\udc33",
    "8520": "\u8520",
    "9811": "\u9811",
    "7406": "\u7406",
    "8F95": "\u8f95",
    "76D1": "\u76d1",
    "4F20": "\u4f20",
    "529B": "\u529b",
    "8421": "\u8421",
    "2B022": "\ud86c\udc22",
    "31020": "\ud884\udc20",
    "8F09": "\u8f09",
    "58F9": "\u58f9",
    "811A": "\u811a",
    "2512E": "\ud854\udd2e",
    "22B17": "\ud84a\udf17",
    "290B6": "\ud864\udcb6",
    "2ABBB": "\ud86a\udfbb",
    "5284": "\u5284",
    "815B": "\u815b",
    "51B5": "\u51b5",
    "626F": "\u626f",
    "F03D3": "\udb80\udfd3",
    "7061": "\u7061",
    "2B842": "\ud86e\udc42",
    "4F55": "\u4f55",
    "25544": "\ud855\udd44",
    "25687": "\ud855\ude87",
    "7C93": "\u7c93",
    "9672": "\u9672",
    "5BE1": "\u5be1",
    "2C879": "\ud872\udc79",
    "4E89": "\u4e89",
    "7015": "\u7015",
    "7E3D": "\u7e3d",
    "7763": "\u7763",
    "81E3": "\u81e3",
    "61B2": "\u61b2",
    "7DB8": "\u7db8",
    "52E6": "\u52e6",
    "8463": "\u8463",
    "9810": "\u9810",
    "3A02": "\u3a02",
    "964D": "\u964d",
    "35C7": "\u35c7",
    "5857": "\u5857",
    "57FA": "\u57fa",
    "6A2A": "\u6a2a",
    "76E7": "\u76e7",
    "2C5D4": "\ud871\uddd4",
    "502B": "\u502b",
    "670B": "\u670b",
    "22B74": "\ud84a\udf74",
    "80B2": "\u80b2",
    "F05AB": "\udb81\uddab",
    "31F47": "\ud887\udf47",
    "5C6F": "\u5c6f",
    "4FE0": "\u4fe0",
    "5A66": "\u5a66",
    "56CA": "\u56ca",
    "202E5": "\ud840\udee5",
    "204A5": "\ud841\udca5",
    "5F97": "\u5f97",
    "5FE0": "\u5fe0",
    "31A4B": "\ud886\ude4b",
    "6E17": "\u6e17",
    "5FB7": "\u5fb7",
    "29A6B": "\ud866\ude6b",
    "4EA5": "\u4ea5",
    "653B": "\u653b",
    "63A5": "\u63a5",
    "4F7F": "\u4f7f",
    "54A2": "\u54a2",
    "25270": "\ud854\ude70",
    "8BA1": "\u8ba1",
    "5F8C": "\u5f8c",
    "88CF": "\u88cf",
    "5CF0": "\u5cf0",
    "6514": "\u6514",
    "53F7": "\u53f7",
    "8F49": "\u8f49",
    "20D91": "\ud843\udd91",
    "29076": "\ud864\udc76",
    "F0392": "\udb80\udf92",
    "58D5": "\u58d5",
    "5843": "\u5843",
    "4E71": "\u4e71",
    "253CC": "\ud854\udfcc",
    "52C7": "\u52c7",
    "23A30": "\ud84e\ude30",
    "9769": "\u9769",
    "5E99": "\u5e99",
    "767E": "\u767e",
    "8A9E": "\u8a9e",
    "6D45": "\u6d45",
    "571F": "\u571f",
    "85C1": "\u85c1",
    "846C": "\u846c",
    "8CC0": "\u8cc0",
    "664F": "\u664f",
    "3CF6": "\u3cf6",
    "87E1": "\u87e1",
    "733F": "\u733f",
    "553F": "\u553f",
    "24D91": "\ud853\udd91",
    "8B5C": "\u8b5c",
    "26B5F": "\ud85a\udf5f",
    "94C1": "\u94c1",
    "25A9E": "\ud856\ude9e",
    "678C": "\u678c",
    "65E9": "\u65e9",
    "64C0": "\u64c0",
    "3152B": "\ud885\udd2b",
    "32136": "\ud888\udd36",
    "23F2F": "\ud84f\udf2f",
    "F085F": "\udb82\udc5f",
    "6F6E": "\u6f6e",
    "7B3A": "\u7b3a",
    "6298": "\u6298",
    "F02D6": "\udb80\uded6",
    "2013B": "\ud840\udd3b",
    "639B": "\u639b",
    "2B307": "\ud86c\udf07",
    "589F": "\u589f",
    "7A33": "\u7a33",
    "31817": "\ud886\udc17",
    "2600E": "\ud858\udc0e",
    "248BF": "\ud852\udcbf",
    "9837": "\u9837",
    "516E": "\u516e",
    "22A6E": "\ud84a\ude6e",
    "90AA": "\u90aa",
    "6DEB": "\u6deb",
    "6551": "\u6551",
    "8F7B": "\u8f7b",
    "6106": "\u6106",
    "51CC": "\u51cc",
    "25BE4": "\ud856\udfe4",
    "68E6": "\u68e6",
    "7B18": "\u7b18",
    "9C7C": "\u9c7c",
    "25F92": "\ud857\udf92",
    "625B": "\u625b",
    "23D76": "\ud84f\udd76",
    "22E63": "\ud84b\ude63",
    "6D0C": "\u6d0c",
    "96D6": "\u96d6",
    "31429": "\ud885\udc29",
    "900F": "\u900f",
    "6C11": "\u6c11",
    "4EAB": "\u4eab",
    "53D7": "\u53d7",
    "8027": "\u8027",
    "53EA": "\u53ea",
    "8606": "\u8606",
    "2C051": "\ud870\udc51",
    "F0874": "\udb82\udc74",
    "F0711": "\udb81\udf11",
    "2C149": "\ud870\udd49",
    "76C8": "\u76c8",
    "71D0": "\u71d0",
    "5EAB": "\u5eab",
    "62E5": "\u62e5",
    "5DE6": "\u5de6",
    "8A3B": "\u8a3b",
    "5680": "\u5680",
    "5A46": "\u5a46",
    "5486": "\u5486",
    "64AB": "\u64ab",
    "5CB9": "\u5cb9",
    "54C4": "\u54c4",
    "647A": "\u647a",
    "74B0": "\u74b0",
    "606F": "\u606f",
    "232C1": "\ud84c\udec1",
    "621E": "\u621e",
    "27716": "\ud85d\udf16",
    "2B2FB": "\ud86c\udefb",
    "8DD9": "\u8dd9",
    "91DD": "\u91dd",
    "517B": "\u517b",
    "3587": "\u3587",
    "6E34": "\u6e34",
    "924B": "\u924b",
    "2420A": "\ud850\ude0a",
    "77E7": "\u77e7",
    "7A88": "\u7a88",
    "7A95": "\u7a95",
    "24CC7": "\ud853\udcc7",
    "7089": "\u7089",
    "22D3E": "\ud84b\udd3e",
    "F019F": "\udb80\udd9f",
    "5C4B": "\u5c4b",
    "95F7": "\u95f7",
    "5BF9": "\u5bf9",
    "79D1": "\u79d1",
    "5872": "\u5872",
    "699C": "\u699c",
    "5468": "\u5468",
    "65CB": "\u65cb",
    "4EFB": "\u4efb",
    "59BB": "\u59bb",
    "900D": "\u900d",
    "9059": "\u9059",
    "5347": "\u5347",
    "5341": "\u5341",
    "575A": "\u575a",
    "75C6": "\u75c6",
    "5AC1": "\u5ac1",
    "59D3": "\u59d3",
    "213E1": "\ud844\udfe1",
    "F086A": "\udb82\udc6a",
    "5782": "\u5782",
    "30FD8": "\ud883\udfd8",
    "840D": "\u840d",
    "4040": "\u4040",
    "24131": "\ud850\udd31",
    "F0828": "\udb82\udc28",
    "6CB1": "\u6cb1",
    "2AC46": "\ud86b\udc46",
    "8A54": "\u8a54",
    "6B3D": "\u6b3d",
    "9812": "\u9812",
    "52C5": "\u52c5",
    "6DEE": "\u6dee",
    "8D74": "\u8d74",
    "4F88": "\u4f88",
    "8CCA": "\u8cca",
    "5EFA": "\u5efa",
    "6D59": "\u6d59",
    "6402": "\u6402",
    "676D": "\u676d",
    "4EA4": "\u4ea4",
    "914B": "\u914b",
    "8A2D": "\u8a2d",
    "6E2D": "\u6e2d",
    "23176": "\ud84c\udd76",
    "2BCF5": "\ud86f\udcf5",
    "83E9": "\u83e9",
    "32247": "\ud888\ude47",
    "51A5": "\u51a5",
    "5C61": "\u5c61",
    "72D0": "\u72d0",
    "6D25": "\u6d25",
    "32106": "\ud888\udd06",
    "8DEC": "\u8dec",
    "5377": "\u5377",
    "6A9C": "\u6a9c",
    "6D1B": "\u6d1b",
    "3D67": "\u3d67",
    "31509": "\ud885\udd09",
    "5538": "\u5538",
    "31891": "\ud886\udc91",
    "F02EB": "\udb80\udeeb",
    "2825F": "\ud860\ude5f",
    "8129": "\u8129",
    "5718": "\u5718",
    "2693E": "\ud85a\udd3e",
    "5713": "\u5713",
    "6A5F": "\u6a5f",
    "908A": "\u908a",
    "20CD6": "\ud843\udcd6",
    "F0859": "\udb82\udc59",
    "6C57": "\u6c57",
    "7E99": "\u7e99",
    "26859": "\ud85a\udc59",
    "4417": "\u4417",
    "2C1DA": "\ud870\uddda",
    "31455": "\ud885\udc55",
    "31D03": "\ud887\udd03",
    "2C67D": "\ud871\ude7d",
    "24013": "\ud850\udc13",
    "83D3": "\u83d3",
    "864E": "\u864e",
    "5BA4": "\u5ba4",
    "8AE7": "\u8ae7",
    "F0876": "\udb82\udc76",
    "57A2": "\u57a2",
    "318BD": "\ud886\udcbd",
    "31A4C": "\ud886\ude4c",
    "7591": "\u7591",
    "745F": "\u745f",
    "25667": "\ud855\ude67",
    "5348": "\u5348",
    "7F8A": "\u7f8a",
    "54A5": "\u54a5",
    "F08C2": "\udb82\udcc2",
    "6746": "\u6746",
    "7441": "\u7441",
    "5E4D": "\u5e4d",
    "5531": "\u5531",
    "21BA8": "\ud846\udfa8",
    "F0860": "\udb82\udc60",
    "2B5C2": "\ud86d\uddc2",
    "80FA": "\u80fa",
    "F0873": "\udb82\udc73",
    "280D0": "\ud860\udcd0",
    "20D0A": "\ud843\udd0a",
    "2C6D2": "\ud871\uded2",
    "6E27": "\u6e27",
    "6062": "\u6062",
    "28464": "\ud861\udc64",
    "27753": "\ud85d\udf53",
    "2C077": "\ud870\udc77",
    "4F86": "\u4f86",
    "5F26": "\u5f26",
    "8774": "\u8774",
    "8776": "\u8776",
    "5944": "\u5944",
    "8700": "\u8700",
    "820D": "\u820d",
    "836B": "\u836b",
    "84DD": "\u84dd",
    "7530": "\u7530",
    "607C": "\u607c",
    "5275": "\u5275",
    "6DD1": "\u6dd1",
    "5FD7": "\u5fd7",
    "68CB": "\u68cb",
    "201B3": "\ud840\uddb3",
    "984D": "\u984d",
    "6334": "\u6334",
    "F086E": "\udb82\udc6e",
    "F0850": "\udb82\udc50",
    "5826": "\u5826",
    "627F": "\u627f",
    "6A1B": "\u6a1b",
    "315A6": "\ud885\udda6",
    "3121": "\u3121",
    "48EB": "\u48eB"
}